Unity Editor version:    6000.3.8f1 (1c7db571dde0)
Branch:                  6000.3/staging
Build type:              Release
Batch mode:              YES
macOS version:           Version 26.3 (Build 25D125)
Darwin version:          25.3.0
Architecture:            arm64
Running under Rosetta:   NO
Available memory:        8192 MB
Date:                    2026-02-27T20:59:50Z
[Licensing::Module] Trying to connect to existing licensing client channel...
[Licensing::IpcConnector] Successfully connected to: "LicenseClient-portal" at "2026-02-27T20:59:50.445027Z"

COMMAND LINE ARGUMENTS:
/Applications/Unity/Hub/Editor/6000.3.8f1/Unity.app/Contents/MacOS/Unity
-adb2
-batchMode
-noUpm
-name
AssetImportWorker0
-projectPath
/Users/portal/Github/Games-4900-Spr26-YifeiQiu/Unity
-logFile
Logs/AssetImportWorker0.log
-srvPort
63710
-licensingIpc
LicenseClient-portal
-job-worker-count
3
-background-job-worker-count
8
-gc-helper-count
1
-name AssetImport
Successfully changed project path to: /Users/portal/Github/Games-4900-Spr26-YifeiQiu/Unity
/Users/portal/Github/Games-4900-Spr26-YifeiQiu/Unity
[UnityMemory] Configuration Parameters - Can be set up in boot.config
    "memorysetup-allocator-temp-initial-block-size-main=262144"
    "memorysetup-allocator-temp-initial-block-size-worker=262144"
    "memorysetup-temp-allocator-size-background-worker=32768"
    "memorysetup-temp-allocator-size-job-worker=262144"
    "memorysetup-temp-allocator-size-preload-manager=33554432"
    "memorysetup-temp-allocator-size-nav-mesh-worker=65536"
    "memorysetup-temp-allocator-size-audio-worker=65536"
    "memorysetup-temp-allocator-size-cloud-worker=32768"
    "memorysetup-bucket-allocator-granularity=16"
    "memorysetup-bucket-allocator-bucket-count=8"
    "memorysetup-bucket-allocator-block-size=33554432"
    "memorysetup-bucket-allocator-block-count=8"
    "memorysetup-main-allocator-block-size=16777216"
    "memorysetup-thread-allocator-block-size=16777216"
    "memorysetup-gfx-main-allocator-block-size=16777216"
    "memorysetup-gfx-thread-allocator-block-size=16777216"
    "memorysetup-cache-allocator-block-size=4194304"
    "memorysetup-typetree-allocator-block-size=2097152"
    "memorysetup-profiler-bucket-allocator-granularity=16"
    "memorysetup-profiler-bucket-allocator-bucket-count=8"
    "memorysetup-profiler-bucket-allocator-block-size=33554432"
    "memorysetup-profiler-bucket-allocator-block-count=8"
    "memorysetup-profiler-allocator-block-size=16777216"
    "memorysetup-profiler-editor-allocator-block-size=1048576"
    "memorysetup-temp-allocator-size-main=16777216"
    "memorysetup-job-temp-allocator-block-size=2097152"
    "memorysetup-job-temp-allocator-block-size-background=1048576"
    "memorysetup-job-temp-allocator-reduction-small-platforms=262144"
    "memorysetup-temp-allocator-size-gi-baking-worker=262144"
    "memorysetup-temp-allocator-size-gi-baking-worker=262144"
    "memorysetup-temp-allocator-size-gi-baking-worker=262144"
    "memorysetup-temp-allocator-size-gi-baking-worker=262144"
    "memorysetup-temp-allocator-size-gi-baking-worker=262144"
    "memorysetup-temp-allocator-size-gfx=262144"
Player connection [8622436480]  Target information:

Player connection [8622436480]  * "[IP] 10.18.240.238 [Port] 0 [Flags] 2 [Guid] 1823035163 [EditorId] 1823035163 [Version] 1048832 [Id] OSXEditor(0,MacBook-Pro-van-Portal.local) [Debug] 1 [PackageName] OSXEditor [ProjectName] Editor" 

Player connection [8622436480] Host joined multi-casting on [225.0.0.222:54997]...
Player connection [8622436480] Host joined alternative multi-casting on [225.0.0.222:34997]...
JobSystem: Creating JobQueue using job-worker-count value 3
Input System module state changed to: Initialized.
[Physics::Module] Initialized fallback backend.
[Physics::Module] Id: 0xdecafbad
Library Redirect Path: Library/
[Physics::Module] Selected backend.
[Physics::Module] Name: PhysX
[Physics::Module] Id: 0xf2b8ea05
[Physics::Module] SDK Version: 4.1.2
[Physics::Module] Integration Version: 1.0.0
[Physics::Module] Threading Mode: Multi-Threaded
Refreshing native plugins compatible for Editor in 5.15 ms, found 1 plugins.
Preloading 0 native plugins for Editor in 0.00 ms.
Initialize engine version: 6000.3.8f1 (1c7db571dde0)
[Subsystems] Discovering subsystems at path /Applications/Unity/Hub/Editor/6000.3.8f1/Unity.app/Contents/Resources/UnitySubsystems
[Subsystems] Discovering subsystems at path /Users/portal/Github/Games-4900-Spr26-YifeiQiu/Unity/Assets
GfxDevice: creating device client; kGfxThreadingModeNonThreaded
 preferred device: Apple M1 (high power)
Metal devices available: 1
0: Apple M1 (high power)
Using device Apple M1 (high power)
Initializing Metal device caps: Apple M1
Mac GPU Family: 2
Apple GPU Family: 7
MSL Version: 3.0
Has Float MSAA: 1
Has Float Filtering: 1
ReadWrite Texture Tier: 2
[Licensing::Client] Handshaking with LicensingClient:
  Version:                 1.17.4+4293ba1
  Session Id:              cc5823ee585b4d949ca0897408330d80
  Correlation Id:          a7e22b7f007e05074ab58eee3f40b885
  External correlation Id: 1056011295647377083
  Machine Id:              eO9DKzB4f+hBc53wRjYSvxpYZsg=
[Licensing::Module] Successfully connected to LicensingClient on channel: "LicenseClient-portal" (connect: 0.00s, validation: 0.00s, handshake: 1.02s)
[Licensing::IpcConnector] Successfully connected to: "LicenseClient-portal-notifications" at "2026-02-27T20:59:51.46375Z"
[Licensing::Module] Licensing Background thread has ended after 1.02s
Initialize mono
Mono path[0] = '/Applications/Unity/Hub/Editor/6000.3.8f1/Unity.app/Contents/Resources/Scripting/Managed'
Mono path[1] = '/Applications/Unity/Hub/Editor/6000.3.8f1/Unity.app/Contents/Resources/Scripting/MonoBleedingEdge/lib/mono/unityjit-macos'
Mono config path = '/Applications/Unity/Hub/Editor/6000.3.8f1/Unity.app/Contents/Resources/Scripting/MonoBleedingEdge/etc'
Using monoOptions --debugger-agent=transport=dt_socket,embedding=1,server=y,suspend=n,address=127.0.0.1:56414
Begin MonoManager ReloadAssembly
Registering precompiled unity dll's ...
Register platform support module: /Applications/Unity/Hub/Editor/6000.3.8f1/PlaybackEngines/WebGLSupport/UnityEditor.WebGL.Extensions.dll
Register platform support module: /Applications/Unity/Hub/Editor/6000.3.8f1/Unity.app/Contents/PlaybackEngines/MacStandaloneSupport/UnityEditor.OSXStandalone.Extensions.dll
Register platform support module: /Applications/Unity/Hub/Editor/6000.3.8f1/PlaybackEngines/WindowsStandaloneSupport/UnityEditor.WindowsStandalone.Extensions.dll
Registered in 0.001494 seconds.
- Loaded All Assemblies, in  0.411 seconds
Native extension for WindowsStandalone target not found
Native extension for OSXStandalone target not found
Native extension for WebGL target not found
ScheduleIndexationOnStartup MainProcess:False IndexOnStartup:True
Mono: successfully reloaded assembly
- Finished resetting the current domain, in  0.443 seconds
Domain Reload Profiling: 855ms
	BeginReloadAssembly (140ms)
		ExecutionOrderSort (0ms)
		DisableScriptedObjects (0ms)
		BackupInstance (0ms)
		ReleaseScriptingObjects (0ms)
		CreateAndSetChildDomain (1ms)
	RebuildCommonClasses (36ms)
	RebuildNativeTypeToScriptingClass (12ms)
	initialDomainReloadingComplete (42ms)
	LoadAllAssembliesAndSetupDomain (182ms)
		LoadAssemblies (139ms)
		RebuildTransferFunctionScriptingTraits (0ms)
		AnalyzeDomain (177ms)
			TypeCache.Refresh (175ms)
				TypeCache.ScanAssembly (159ms)
			BuildScriptInfoCaches (0ms)
			ResolveRequiredComponents (1ms)
	FinalizeReload (444ms)
		ReleaseScriptCaches (0ms)
		RebuildScriptCaches (0ms)
		SetupLoadedEditorAssemblies (398ms)
			LogAssemblyErrors (0ms)
			InitializePlatformSupportModulesInManaged (46ms)
			SetLoadedEditorAssemblies (5ms)
			BeforeProcessingInitializeOnLoad (98ms)
			ProcessInitializeOnLoadAttributes (168ms)
			ProcessInitializeOnLoadMethodAttributes (81ms)
			AfterProcessingInitializeOnLoad (0ms)
			EditorAssembliesLoaded (0ms)
		ExecutionOrderSort2 (0ms)
		AwakeInstancesAfterBackupRestoration (0ms)
[CoreBusinessMetrics] Unexpected thread when updating session info.
========================================================================
Worker process is ready to serve import requests
Import Worker Mode flag is 0x00
Begin MonoManager ReloadAssembly
[Licensing::Client] Successfully resolved entitlement details
[Licensing::Module] License group:
  Id: 20066814446849-UnityPersXXXX
  Product: Unity Personal
  Type: Assigned
  Expiration: Unlimited
- Loaded All Assemblies, in  0.898 seconds
Refreshing native plugins compatible for Editor in 1.52 ms, found 1 plugins.
Native extension for WindowsStandalone target not found
Native extension for OSXStandalone target not found
Native extension for WebGL target not found
Package Manager log level set to [2]
[Package Manager] Failed to launch server process. Reason: Unity was launched with the -noUpm command-line argument
[Package Manager] Unable to send message (not connected to server process).
[Package Manager] Cannot connect to Unity Package Manager local server
ScheduleIndexationOnStartup MainProcess:False IndexOnStartup:True
Mono: successfully reloaded assembly
- Finished resetting the current domain, in  0.888 seconds
Domain Reload Profiling: 1785ms
	BeginReloadAssembly (171ms)
		ExecutionOrderSort (0ms)
		DisableScriptedObjects (6ms)
		BackupInstance (0ms)
		ReleaseScriptingObjects (0ms)
		CreateAndSetChildDomain (32ms)
	RebuildCommonClasses (31ms)
	RebuildNativeTypeToScriptingClass (12ms)
	initialDomainReloadingComplete (31ms)
	LoadAllAssembliesAndSetupDomain (651ms)
		LoadAssemblies (418ms)
		RebuildTransferFunctionScriptingTraits (0ms)
		AnalyzeDomain (291ms)
			TypeCache.Refresh (210ms)
				TypeCache.ScanAssembly (183ms)
			BuildScriptInfoCaches (64ms)
			ResolveRequiredComponents (10ms)
	FinalizeReload (888ms)
		ReleaseScriptCaches (0ms)
		RebuildScriptCaches (0ms)
		SetupLoadedEditorAssemblies (574ms)
			LogAssemblyErrors (0ms)
			InitializePlatformSupportModulesInManaged (5ms)
			SetLoadedEditorAssemblies (8ms)
			BeforeProcessingInitializeOnLoad (180ms)
			ProcessInitializeOnLoadAttributes (331ms)
			ProcessInitializeOnLoadMethodAttributes (48ms)
			AfterProcessingInitializeOnLoad (1ms)
			EditorAssembliesLoaded (0ms)
		ExecutionOrderSort2 (0ms)
		AwakeInstancesAfterBackupRestoration (2ms)
WARNING: Shader Unsupported: 'Universal Render Pipeline/VR/SpatialMapping/Wireframe' - All subshaders removed
WARNING: Shader Did you use #pragma only_renderers and omit this platform?
WARNING: Shader If subshaders removal was intentional, you may have forgotten turning Fallback off?
WARNING: Shader Unsupported: 'Universal Render Pipeline/VR/SpatialMapping/Wireframe' - All subshaders removed
WARNING: Shader Did you use #pragma only_renderers and omit this platform?
WARNING: Shader If subshaders removal was intentional, you may have forgotten turning Fallback off?
Launching external process: /Applications/Unity/Hub/Editor/6000.3.8f1/Unity.app/Contents/Helpers/UnityShaderCompiler
Launched and connected shader compiler UnityShaderCompiler after 0.08 seconds
Refreshing native plugins compatible for Editor in 0.42 ms, found 1 plugins.
Preloading 0 native plugins for Editor in 0.00 ms.
Unloading 17 Unused Serialized files (Serialized files now loaded: 0)
Unloading 6185 unused Assets / (2.8 MB). Loaded Objects now: 6981.
Memory consumption went from 144.5 MB to 141.7 MB.
Total: 13.567459 ms (FindLiveObjects: 2.098666 ms CreateObjectMapping: 0.491042 ms MarkObjects: 8.869750 ms  DeleteObjects: 2.107209 ms)

========================================================================
Received Import Request.
  Time since last request: 236338.161580 seconds.
  path: Assets/Kenny3D/Models/OBJ format/building-e.mtl
  artifactKey: Guid(bb3bdb26fe5084055b2b1636db15a041) Importer(2089858483,b0f066a214c2f5e87bad3c948f4d605d)
Start importing Assets/Kenny3D/Models/OBJ format/building-e.mtl using Guid(bb3bdb26fe5084055b2b1636db15a041) Importer(2089858483,b0f066a214c2f5e87bad3c948f4d605d) (ScriptedImporter) -> (artifact id: '776b4035f7a242dabd5d6d9a8d3fbd34') in 0.055122125 seconds
Number of updated asset objects reloaded before import = 0Number of asset objects unloaded after import = 1

========================================================================
Received Import Request.
  Time since last request: 0.000047 seconds.
  path: Assets/Kenny3D/Models/GLB format/building-g.glb
  artifactKey: Guid(738066eb2c0d04e4c834b9a27d56a644) Importer(2089858483,b0f066a214c2f5e87bad3c948f4d605d)
Start importing Assets/Kenny3D/Models/GLB format/building-g.glb using Guid(738066eb2c0d04e4c834b9a27d56a644) Importer(2089858483,b0f066a214c2f5e87bad3c948f4d605d) (ScriptedImporter) -> (artifact id: '1cfe2c1a6214ea0bac7ab6c80f68aa16') in 0.002935333 seconds
Number of updated asset objects reloaded before import = 0Number of asset objects unloaded after import = 1

========================================================================
Received Import Request.
  Time since last request: 0.000111 seconds.
  path: Assets/Kenny3D/Models/FBX format/building-a.fbx
  artifactKey: Guid(c8634ede7e4cb4765837bdebb519c2ba) Importer(2089858483,b0f066a214c2f5e87bad3c948f4d605d)
Start importing Assets/Kenny3D/Models/FBX format/building-a.fbx using Guid(c8634ede7e4cb4765837bdebb519c2ba) Importer(2089858483,b0f066a214c2f5e87bad3c948f4d605d) (ScriptedImporter) -> (artifact id: '6807886fa003f6c71417ebe3b9450b3b') in 0.10537475 seconds
Number of updated asset objects reloaded before import = 0Number of asset objects unloaded after import = 9

========================================================================
Received Import Request.
  Time since last request: 0.000075 seconds.
  path: Assets/Kenny3D/Models/FBX format/detail-tank.fbx
  artifactKey: Guid(65dcdca2fcbef41899e92903795fa244) Importer(2089858483,b0f066a214c2f5e87bad3c948f4d605d)
Start importing Assets/Kenny3D/Models/FBX format/detail-tank.fbx using Guid(65dcdca2fcbef41899e92903795fa244) Importer(2089858483,b0f066a214c2f5e87bad3c948f4d605d) (ScriptedImporter) -> (artifact id: '3fa448460dbfbd5de6d74314ee16baf1') in 0.008061583 seconds
Number of updated asset objects reloaded before import = 0Number of asset objects unloaded after import = 9

========================================================================
Received Import Request.
  Time since last request: 0.000164 seconds.
  path: Assets/Kenny3D/Models/OBJ format/building-q.mtl
  artifactKey: Guid(92e385e6583ce419895cf70ce34316dd) Importer(2089858483,b0f066a214c2f5e87bad3c948f4d605d)
Start importing Assets/Kenny3D/Models/OBJ format/building-q.mtl using Guid(92e385e6583ce419895cf70ce34316dd) Importer(2089858483,b0f066a214c2f5e87bad3c948f4d605d) (ScriptedImporter) -> (artifact id: 'c5adcc47d5044145bac63884d83dfb3b') in 0.00230275 seconds
Number of updated asset objects reloaded before import = 0Number of asset objects unloaded after import = 1

========================================================================
Received Import Request.
  Time since last request: 0.000081 seconds.
  path: Assets/Kenny3D/Models/FBX format/building-r.fbx
  artifactKey: Guid(a0f023aab535a4a2fa64e9543a1dc211) Importer(2089858483,b0f066a214c2f5e87bad3c948f4d605d)
Start importing Assets/Kenny3D/Models/FBX format/building-r.fbx using Guid(a0f023aab535a4a2fa64e9543a1dc211) Importer(2089858483,b0f066a214c2f5e87bad3c948f4d605d) (ScriptedImporter) -> (artifact id: '56bbca8d43268b800ba42d39f30ca5a1') in 0.009044958 seconds
Number of updated asset objects reloaded before import = 0Number of asset objects unloaded after import = 9

========================================================================
Received Import Request.
  Time since last request: 0.000075 seconds.
  path: Assets/Kenny3D/Models/OBJ format/building-d.obj
  artifactKey: Guid(9f20c9251529c4a41a5eeb174081be93) Importer(2089858483,b0f066a214c2f5e87bad3c948f4d605d)
Start importing Assets/Kenny3D/Models/OBJ format/building-d.obj using Guid(9f20c9251529c4a41a5eeb174081be93) Importer(2089858483,b0f066a214c2f5e87bad3c948f4d605d) (ScriptedImporter) -> (artifact id: '8fede806134742b5ca919496e6795022') in 0.0101545 seconds
Number of updated asset objects reloaded before import = 0Number of asset objects unloaded after import = 11

========================================================================
Received Import Request.
  Time since last request: 0.000047 seconds.
  path: Assets/Kenny3D/Models/GLB format/building-l.glb
  artifactKey: Guid(14e935ca039b744eb8aa05f3c5fb2993) Importer(2089858483,b0f066a214c2f5e87bad3c948f4d605d)
Start importing Assets/Kenny3D/Models/GLB format/building-l.glb using Guid(14e935ca039b744eb8aa05f3c5fb2993) Importer(2089858483,b0f066a214c2f5e87bad3c948f4d605d) (ScriptedImporter) -> (artifact id: '17d8289085e09375a745e78a7cb617e7') in 0.003562375 seconds
Number of updated asset objects reloaded before import = 0Number of asset objects unloaded after import = 1

========================================================================
Received Import Request.
  Time since last request: 0.000043 seconds.
  path: Assets/Kenny3D/Models/OBJ format/building-i.mtl
  artifactKey: Guid(7a9e6310aa277443c9e6c6375db39176) Importer(2089858483,b0f066a214c2f5e87bad3c948f4d605d)
Start importing Assets/Kenny3D/Models/OBJ format/building-i.mtl using Guid(7a9e6310aa277443c9e6c6375db39176) Importer(2089858483,b0f066a214c2f5e87bad3c948f4d605d) (ScriptedImporter) -> (artifact id: 'a880f10bc8da0805e92f76c11190b18d') in 0.001703791 seconds
Number of updated asset objects reloaded before import = 0Number of asset objects unloaded after import = 1

========================================================================
Received Import Request.
  Time since last request: 0.000057 seconds.
  path: Assets/Kenny3D/Models/FBX format/building-h.fbx
  artifactKey: Guid(8a2f74c6fbd9742b3b0e0315ff9a4a40) Importer(2089858483,b0f066a214c2f5e87bad3c948f4d605d)
Start importing Assets/Kenny3D/Models/FBX format/building-h.fbx using Guid(8a2f74c6fbd9742b3b0e0315ff9a4a40) Importer(2089858483,b0f066a214c2f5e87bad3c948f4d605d) (ScriptedImporter) -> (artifact id: 'ca486183529e40625fd763982576ff98') in 0.007341958 seconds
Number of updated asset objects reloaded before import = 0Number of asset objects unloaded after import = 9

========================================================================
Received Import Request.
  Time since last request: 0.000065 seconds.
  path: Assets/Kenny3D/Models/OBJ format/building-q.obj
  artifactKey: Guid(c298afba5cb1941cca01bcb5d1727eb4) Importer(2089858483,b0f066a214c2f5e87bad3c948f4d605d)
Start importing Assets/Kenny3D/Models/OBJ format/building-q.obj using Guid(c298afba5cb1941cca01bcb5d1727eb4) Importer(2089858483,b0f066a214c2f5e87bad3c948f4d605d) (ScriptedImporter) -> (artifact id: '5d53ba889a23cc840cb4c2f55fffd4b3') in 0.008344833 seconds
Number of updated asset objects reloaded before import = 0Number of asset objects unloaded after import = 11

========================================================================
Received Import Request.
  Time since last request: 0.000041 seconds.
  path: Assets/Kenny3D/Models/GLB format/building-c.glb
  artifactKey: Guid(7f15ea5ee62ce4e9e8a0eb90c0f088b2) Importer(2089858483,b0f066a214c2f5e87bad3c948f4d605d)
Start importing Assets/Kenny3D/Models/GLB format/building-c.glb using Guid(7f15ea5ee62ce4e9e8a0eb90c0f088b2) Importer(2089858483,b0f066a214c2f5e87bad3c948f4d605d) (ScriptedImporter) -> (artifact id: '9e924e61a28c726aa2548c8d2d247cc2') in 0.001943625 seconds
Number of updated asset objects reloaded before import = 0Number of asset objects unloaded after import = 1

========================================================================
Received Import Request.
  Time since last request: 0.000042 seconds.
  path: Assets/Kenny3D/Models/OBJ format/building-n.mtl
  artifactKey: Guid(cc4cc9c7bbb8549de8d3f8a49d285bda) Importer(2089858483,b0f066a214c2f5e87bad3c948f4d605d)
Start importing Assets/Kenny3D/Models/OBJ format/building-n.mtl using Guid(cc4cc9c7bbb8549de8d3f8a49d285bda) Importer(2089858483,b0f066a214c2f5e87bad3c948f4d605d) (ScriptedImporter) -> (artifact id: 'befd6e3e191d6c3b1f9ed10e63183d03') in 0.001853167 seconds
Number of updated asset objects reloaded before import = 0Number of asset objects unloaded after import = 1

========================================================================
Received Import Request.
  Time since last request: 0.000046 seconds.
  path: Assets/Kenny3D/Models/OBJ format/building-r.mtl
  artifactKey: Guid(031862986e4b74bffb9ec186d752c3f8) Importer(2089858483,b0f066a214c2f5e87bad3c948f4d605d)
Start importing Assets/Kenny3D/Models/OBJ format/building-r.mtl using Guid(031862986e4b74bffb9ec186d752c3f8) Importer(2089858483,b0f066a214c2f5e87bad3c948f4d605d) (ScriptedImporter) -> (artifact id: '8d4d3a5da37af302c56f6c93e4c80a50') in 0.001835208 seconds
Number of updated asset objects reloaded before import = 0Number of asset objects unloaded after import = 1

========================================================================
Received Import Request.
  Time since last request: 0.000046 seconds.
  path: Assets/Kenny3D/Models/OBJ format/building-l.mtl
  artifactKey: Guid(b6195ea7375b94cdf9259dc968949891) Importer(2089858483,b0f066a214c2f5e87bad3c948f4d605d)
Start importing Assets/Kenny3D/Models/OBJ format/building-l.mtl using Guid(b6195ea7375b94cdf9259dc968949891) Importer(2089858483,b0f066a214c2f5e87bad3c948f4d605d) (ScriptedImporter) -> (artifact id: '3f5bcb8b4e03ec63c0098421e82e3bac') in 0.001844333 seconds
Number of updated asset objects reloaded before import = 0Number of asset objects unloaded after import = 1

========================================================================
Received Import Request.
  Time since last request: 0.000043 seconds.
  path: Assets/Kenny3D/Models/OBJ format/building-j.mtl
  artifactKey: Guid(5fa17d35bb5644caeacd20916925f929) Importer(2089858483,b0f066a214c2f5e87bad3c948f4d605d)
Start importing Assets/Kenny3D/Models/OBJ format/building-j.mtl using Guid(5fa17d35bb5644caeacd20916925f929) Importer(2089858483,b0f066a214c2f5e87bad3c948f4d605d) (ScriptedImporter) -> (artifact id: '9913387d86557d8e7bf61df9b87676e7') in 0.002493834 seconds
Number of updated asset objects reloaded before import = 0Number of asset objects unloaded after import = 1

========================================================================
Received Import Request.
  Time since last request: 0.000043 seconds.
  path: Assets/TutorialInfo/Layout.wlt
  artifactKey: Guid(eabc9546105bf4accac1fd62a63e88e6) Importer(2089858483,b0f066a214c2f5e87bad3c948f4d605d)
Start importing Assets/TutorialInfo/Layout.wlt using Guid(eabc9546105bf4accac1fd62a63e88e6) Importer(2089858483,b0f066a214c2f5e87bad3c948f4d605d) (ScriptedImporter) -> (artifact id: '259062b1795b0d7cf665df71b59ef58a') in 0.001791584 seconds
Number of updated asset objects reloaded before import = 0Number of asset objects unloaded after import = 1

========================================================================
Received Import Request.
  Time since last request: 0.000046 seconds.
  path: Assets/Kenny3D/Models/OBJ format/building-c.obj
  artifactKey: Guid(cb7935798ac844544b3f6cd67439898d) Importer(2089858483,b0f066a214c2f5e87bad3c948f4d605d)
Start importing Assets/Kenny3D/Models/OBJ format/building-c.obj using Guid(cb7935798ac844544b3f6cd67439898d) Importer(2089858483,b0f066a214c2f5e87bad3c948f4d605d) (ScriptedImporter) -> (artifact id: '79c00ce345fb4c8ce5541751ce493312') in 0.006795542 seconds
Number of updated asset objects reloaded before import = 0Number of asset objects unloaded after import = 11

========================================================================
Received Import Request.
  Time since last request: 0.000081 seconds.
  path: Assets/Kenny3D/Models/FBX format/Textures/colormap.png
  artifactKey: Guid(f2e11d86b7d6f48b4be38485c20262b1) Importer(2089858483,b0f066a214c2f5e87bad3c948f4d605d)
Start importing Assets/Kenny3D/Models/FBX format/Textures/colormap.png using Guid(f2e11d86b7d6f48b4be38485c20262b1) Importer(2089858483,b0f066a214c2f5e87bad3c948f4d605d) (ScriptedImporter) -> (artifact id: 'ccf0ce9ee647e928cf4bbc34eccd2ccd') in 0.0282805 seconds
Number of updated asset objects reloaded before import = 0Number of asset objects unloaded after import = 1

========================================================================
Received Import Request.
  Time since last request: 0.000047 seconds.
  path: Assets/Kenny3D/Models/OBJ format/building-t.obj
  artifactKey: Guid(ba8cb97ba0bb44afb9a2d73645a2d404) Importer(2089858483,b0f066a214c2f5e87bad3c948f4d605d)
Start importing Assets/Kenny3D/Models/OBJ format/building-t.obj using Guid(ba8cb97ba0bb44afb9a2d73645a2d404) Importer(2089858483,b0f066a214c2f5e87bad3c948f4d605d) (ScriptedImporter) -> (artifact id: '3e9357a1a8cc58cf4ffaa883b5a0e9b6') in 0.006250917 seconds
Number of updated asset objects reloaded before import = 0Number of asset objects unloaded after import = 11

========================================================================
Received Import Request.
  Time since last request: 0.000045 seconds.
  path: Assets/Kenny3D/Models/OBJ format/chimney-small.mtl
  artifactKey: Guid(78cb4bb4c004e47c9b20fbd99752d37b) Importer(2089858483,b0f066a214c2f5e87bad3c948f4d605d)
Start importing Assets/Kenny3D/Models/OBJ format/chimney-small.mtl using Guid(78cb4bb4c004e47c9b20fbd99752d37b) Importer(2089858483,b0f066a214c2f5e87bad3c948f4d605d) (ScriptedImporter) -> (artifact id: '24604d42e050cb3c48be177eace8eeda') in 0.002154041 seconds
Number of updated asset objects reloaded before import = 0Number of asset objects unloaded after import = 1

========================================================================
Received Import Request.
  Time since last request: 0.000061 seconds.
  path: Assets/Kenny3D/Models/Textures/variation-a.png
  artifactKey: Guid(98313e25b968f4ab0a631117f5f06c74) Importer(2089858483,b0f066a214c2f5e87bad3c948f4d605d)
Start importing Assets/Kenny3D/Models/Textures/variation-a.png using Guid(98313e25b968f4ab0a631117f5f06c74) Importer(2089858483,b0f066a214c2f5e87bad3c948f4d605d) (ScriptedImporter) -> (artifact id: 'a8971598698fb57450dba5d7d7430e10') in 0.006196625 seconds
Number of updated asset objects reloaded before import = 0Number of asset objects unloaded after import = 1

========================================================================
Received Import Request.
  Time since last request: 0.000066 seconds.
  path: Assets/Kenny3D/Models/OBJ format/chimney-small.obj
  artifactKey: Guid(c71198c78450d4098bbcd8ad2af1ab47) Importer(2089858483,b0f066a214c2f5e87bad3c948f4d605d)
Start importing Assets/Kenny3D/Models/OBJ format/chimney-small.obj using Guid(c71198c78450d4098bbcd8ad2af1ab47) Importer(2089858483,b0f066a214c2f5e87bad3c948f4d605d) (ScriptedImporter) -> (artifact id: 'f0532e46afa0c54783f212376db9017e') in 0.007068042 seconds
Number of updated asset objects reloaded before import = 0Number of asset objects unloaded after import = 11

========================================================================
Received Import Request.
  Time since last request: 0.000087 seconds.
  path: Assets/Kenny3D/Models/Textures/variation-b.png
  artifactKey: Guid(b3a7092c2f4764dfdbc6bf6405d8a7d1) Importer(2089858483,b0f066a214c2f5e87bad3c948f4d605d)
Start importing Assets/Kenny3D/Models/Textures/variation-b.png using Guid(b3a7092c2f4764dfdbc6bf6405d8a7d1) Importer(2089858483,b0f066a214c2f5e87bad3c948f4d605d) (ScriptedImporter) -> (artifact id: 'eadc02b9b49a5047f51963214ad5a7e3') in 0.004763167 seconds
Number of updated asset objects reloaded before import = 0Number of asset objects unloaded after import = 1

========================================================================
Received Import Request.
  Time since last request: 0.000047 seconds.
  path: Assets/Kenny3D/Models/OBJ format/detail-tank.mtl
  artifactKey: Guid(4b44e37bd8bcc4cd29cc18ab391f76e1) Importer(2089858483,b0f066a214c2f5e87bad3c948f4d605d)
Start importing Assets/Kenny3D/Models/OBJ format/detail-tank.mtl using Guid(4b44e37bd8bcc4cd29cc18ab391f76e1) Importer(2089858483,b0f066a214c2f5e87bad3c948f4d605d) (ScriptedImporter) -> (artifact id: '01e34f19ce5e3967832b5cf10efaf801') in 0.002838833 seconds
Number of updated asset objects reloaded before import = 0Number of asset objects unloaded after import = 1

========================================================================
Received Import Request.
  Time since last request: 0.000050 seconds.
  path: Assets/Kenny3D/Models/FBX format/building-c.fbx
  artifactKey: Guid(b5619eb9e63aa45f2b389e3756f85020) Importer(2089858483,b0f066a214c2f5e87bad3c948f4d605d)
Start importing Assets/Kenny3D/Models/FBX format/building-c.fbx using Guid(b5619eb9e63aa45f2b389e3756f85020) Importer(2089858483,b0f066a214c2f5e87bad3c948f4d605d) (ScriptedImporter) -> (artifact id: '17b26b710504c1d176cd2665d4113531') in 0.007752333 seconds
Number of updated asset objects reloaded before import = 0Number of asset objects unloaded after import = 9

========================================================================
Received Import Request.
  Time since last request: 0.000042 seconds.
  path: Assets/Kenny3D/Models/FBX format/building-e.fbx
  artifactKey: Guid(5e0a4a9e2964549d2b4ef8e4970b13c4) Importer(2089858483,b0f066a214c2f5e87bad3c948f4d605d)
Start importing Assets/Kenny3D/Models/FBX format/building-e.fbx using Guid(5e0a4a9e2964549d2b4ef8e4970b13c4) Importer(2089858483,b0f066a214c2f5e87bad3c948f4d605d) (ScriptedImporter) -> (artifact id: 'ab2e330dea17aa5be10c00a2d133fecc') in 0.015099459 seconds
Number of updated asset objects reloaded before import = 0Number of asset objects unloaded after import = 9

========================================================================
Received Import Request.
  Time since last request: 0.000069 seconds.
  path: Assets/Kenny3D/Models/FBX format/building-k.fbx
  artifactKey: Guid(11066f8f6792444b39563897cc57b99e) Importer(2089858483,b0f066a214c2f5e87bad3c948f4d605d)
Start importing Assets/Kenny3D/Models/FBX format/building-k.fbx using Guid(11066f8f6792444b39563897cc57b99e) Importer(2089858483,b0f066a214c2f5e87bad3c948f4d605d) (ScriptedImporter) -> (artifact id: '21b19beca3723ac015d80685e823e3b7') in 0.007920375 seconds
Number of updated asset objects reloaded before import = 0Number of asset objects unloaded after import = 9

========================================================================
Received Import Request.
  Time since last request: 0.000044 seconds.
  path: Assets/Settings/Mobile_RPAsset.asset
  artifactKey: Guid(5e6cbd92db86f4b18aec3ed561671858) Importer(2089858483,b0f066a214c2f5e87bad3c948f4d605d)
Start importing Assets/Settings/Mobile_RPAsset.asset using Guid(5e6cbd92db86f4b18aec3ed561671858) Importer(2089858483,b0f066a214c2f5e87bad3c948f4d605d) (ScriptedImporter) -> (artifact id: '06eb2db54300ef1aa760b63170aaf2a9') in 0.040456083 seconds
Number of updated asset objects reloaded before import = 0Number of asset objects unloaded after import = 2

========================================================================
Received Import Request.
  Time since last request: 0.000102 seconds.
  path: Assets/Kenny3D/Models/OBJ format/building-j.obj
  artifactKey: Guid(4189c1cf6bf4a4a179a6b546cc2ec6aa) Importer(2089858483,b0f066a214c2f5e87bad3c948f4d605d)
Start importing Assets/Kenny3D/Models/OBJ format/building-j.obj using Guid(4189c1cf6bf4a4a179a6b546cc2ec6aa) Importer(2089858483,b0f066a214c2f5e87bad3c948f4d605d) (ScriptedImporter) -> (artifact id: '62610f0b63f49cb56ce9ffbee710bae1') in 0.01288525 seconds
Number of updated asset objects reloaded before import = 0Number of asset objects unloaded after import = 11

========================================================================
Received Import Request.
  Time since last request: 0.000037 seconds.
  path: Assets/Kenny3D/Models/OBJ format/chimney-basic.mtl
  artifactKey: Guid(553bfdc1866be42b7a1793cfa3f68f0a) Importer(2089858483,b0f066a214c2f5e87bad3c948f4d605d)
Start importing Assets/Kenny3D/Models/OBJ format/chimney-basic.mtl using Guid(553bfdc1866be42b7a1793cfa3f68f0a) Importer(2089858483,b0f066a214c2f5e87bad3c948f4d605d) (ScriptedImporter) -> (artifact id: 'e2e3451a0364ac9160031b5eb08b20fc') in 0.00227175 seconds
Number of updated asset objects reloaded before import = 0Number of asset objects unloaded after import = 1

========================================================================
Received Import Request.
  Time since last request: 0.000058 seconds.
  path: Assets/Kenny3D/Models/OBJ format/building-d.mtl
  artifactKey: Guid(418d186cad3e340ea8833e284d54db7c) Importer(2089858483,b0f066a214c2f5e87bad3c948f4d605d)
Start importing Assets/Kenny3D/Models/OBJ format/building-d.mtl using Guid(418d186cad3e340ea8833e284d54db7c) Importer(2089858483,b0f066a214c2f5e87bad3c948f4d605d) (ScriptedImporter) -> (artifact id: '9601e44fdc0d13ace67d70d1673b0e22') in 0.002587667 seconds
Number of updated asset objects reloaded before import = 0Number of asset objects unloaded after import = 1

========================================================================
Received Import Request.
  Time since last request: 0.000054 seconds.
  path: Assets/Settings/DefaultVolumeProfile.asset
  artifactKey: Guid(ab09877e2e707104187f6f83e2f62510) Importer(2089858483,b0f066a214c2f5e87bad3c948f4d605d)
Start importing Assets/Settings/DefaultVolumeProfile.asset using Guid(ab09877e2e707104187f6f83e2f62510) Importer(2089858483,b0f066a214c2f5e87bad3c948f4d605d) (ScriptedImporter) -> (artifact id: 'c56ba846f402c2614c5112bf0927fafe') in 0.003028709 seconds
Number of updated asset objects reloaded before import = 0Number of asset objects unloaded after import = 0

========================================================================
Received Import Request.
  Time since last request: 0.000127 seconds.
  path: Assets/Kenny3D/Models/OBJ format/building-o.obj
  artifactKey: Guid(3f25ba789670d451da5585aea3cbcaa4) Importer(2089858483,b0f066a214c2f5e87bad3c948f4d605d)
Start importing Assets/Kenny3D/Models/OBJ format/building-o.obj using Guid(3f25ba789670d451da5585aea3cbcaa4) Importer(2089858483,b0f066a214c2f5e87bad3c948f4d605d) (ScriptedImporter) -> (artifact id: 'c346f1e671ab6c1acbc472e4240c8e34') in 0.0076385 seconds
Number of updated asset objects reloaded before import = 0Number of asset objects unloaded after import = 11

========================================================================
Received Import Request.
  Time since last request: 0.000070 seconds.
  path: Assets/Kenny3D/Models/FBX format/building-l.fbx
  artifactKey: Guid(d89362063ff4e48a1986bedd067d3738) Importer(2089858483,b0f066a214c2f5e87bad3c948f4d605d)
Start importing Assets/Kenny3D/Models/FBX format/building-l.fbx using Guid(d89362063ff4e48a1986bedd067d3738) Importer(2089858483,b0f066a214c2f5e87bad3c948f4d605d) (ScriptedImporter) -> (artifact id: 'a2ff0b3d305104324ddf3fc92c7cfd9d') in 0.0075215 seconds
Number of updated asset objects reloaded before import = 0Number of asset objects unloaded after import = 9

========================================================================
Received Import Request.
  Time since last request: 0.000067 seconds.
  path: Assets/Kenny3D/Models/OBJ format/building-s.obj
  artifactKey: Guid(dec7aa8ae13754290a64c940eeaac598) Importer(2089858483,b0f066a214c2f5e87bad3c948f4d605d)
Start importing Assets/Kenny3D/Models/OBJ format/building-s.obj using Guid(dec7aa8ae13754290a64c940eeaac598) Importer(2089858483,b0f066a214c2f5e87bad3c948f4d605d) (ScriptedImporter) -> (artifact id: '6ad5c855480050ea3ae5501f6442141e') in 0.007176917 seconds
Number of updated asset objects reloaded before import = 0Number of asset objects unloaded after import = 11

========================================================================
Received Import Request.
  Time since last request: 0.000043 seconds.
  path: Assets/Kenny3D/Models/GLB format/building-k.glb
  artifactKey: Guid(e7c797ceae790405f80a73bcad8ba19b) Importer(2089858483,b0f066a214c2f5e87bad3c948f4d605d)
Start importing Assets/Kenny3D/Models/GLB format/building-k.glb using Guid(e7c797ceae790405f80a73bcad8ba19b) Importer(2089858483,b0f066a214c2f5e87bad3c948f4d605d) (ScriptedImporter) -> (artifact id: '4b3b9a46044b6a756e3bf5721b1f3919') in 0.0019005 seconds
Number of updated asset objects reloaded before import = 0Number of asset objects unloaded after import = 1

========================================================================
Received Import Request.
  Time since last request: 0.000061 seconds.
  path: Assets/Kenny3D/Models/OBJ format/building-e.obj
  artifactKey: Guid(3be4f840a39d249238e48e006a8c9168) Importer(2089858483,b0f066a214c2f5e87bad3c948f4d605d)
Start importing Assets/Kenny3D/Models/OBJ format/building-e.obj using Guid(3be4f840a39d249238e48e006a8c9168) Importer(2089858483,b0f066a214c2f5e87bad3c948f4d605d) (ScriptedImporter) -> (artifact id: '25b19a6f8595643e1e2b819d00c417d2') in 0.005923 seconds
Number of updated asset objects reloaded before import = 0Number of asset objects unloaded after import = 11

========================================================================
Received Import Request.
  Time since last request: 0.000058 seconds.
  path: Assets/Kenny3D/Models/OBJ format/building-c.mtl
  artifactKey: Guid(09335403988b944239883f7be5e3f099) Importer(2089858483,b0f066a214c2f5e87bad3c948f4d605d)
Start importing Assets/Kenny3D/Models/OBJ format/building-c.mtl using Guid(09335403988b944239883f7be5e3f099) Importer(2089858483,b0f066a214c2f5e87bad3c948f4d605d) (ScriptedImporter) -> (artifact id: '0a4041f76c3b7a3a2fb1c5d6f2f3ed55') in 0.001674416 seconds
Number of updated asset objects reloaded before import = 0Number of asset objects unloaded after import = 1

========================================================================
Received Import Request.
  Time since last request: 0.000041 seconds.
  path: Assets/InputSystem_Actions.inputactions
  artifactKey: Guid(052faaac586de48259a63d0c4782560b) Importer(2089858483,b0f066a214c2f5e87bad3c948f4d605d)
Start importing Assets/InputSystem_Actions.inputactions using Guid(052faaac586de48259a63d0c4782560b) Importer(2089858483,b0f066a214c2f5e87bad3c948f4d605d) (ScriptedImporter) -> (artifact id: '24f752cf78db58f55318cadfafa6c911') in 0.139911958 seconds
Number of updated asset objects reloaded before import = 0Number of asset objects unloaded after import = 22

========================================================================
Received Import Request.
  Time since last request: 0.000063 seconds.
  path: Assets/Kenny3D/Models/GLB format/building-j.glb
  artifactKey: Guid(e3a01569ec6e44144805e3895872bede) Importer(2089858483,b0f066a214c2f5e87bad3c948f4d605d)
Start importing Assets/Kenny3D/Models/GLB format/building-j.glb using Guid(e3a01569ec6e44144805e3895872bede) Importer(2089858483,b0f066a214c2f5e87bad3c948f4d605d) (ScriptedImporter) -> (artifact id: 'ed791b58627d53d12d4ca09ad8ce8f73') in 0.001882125 seconds
Number of updated asset objects reloaded before import = 0Number of asset objects unloaded after import = 1

========================================================================
Received Import Request.
  Time since last request: 0.000077 seconds.
  path: Assets/Kenny3D/Models/OBJ format/building-n.obj
  artifactKey: Guid(452c9b64a87f4409585acdd8cc896fdb) Importer(2089858483,b0f066a214c2f5e87bad3c948f4d605d)
Start importing Assets/Kenny3D/Models/OBJ format/building-n.obj using Guid(452c9b64a87f4409585acdd8cc896fdb) Importer(2089858483,b0f066a214c2f5e87bad3c948f4d605d) (ScriptedImporter) -> (artifact id: 'efa6be9c3a1fd0b9c8dd6e3d012e9326') in 0.008253 seconds
Number of updated asset objects reloaded before import = 0Number of asset objects unloaded after import = 11

========================================================================
Received Import Request.
  Time since last request: 0.000041 seconds.
  path: Assets/Kenny3D/Models/OBJ format/chimney-large.mtl
  artifactKey: Guid(3a4381763981d4abf81a570636ab053b) Importer(2089858483,b0f066a214c2f5e87bad3c948f4d605d)
Start importing Assets/Kenny3D/Models/OBJ format/chimney-large.mtl using Guid(3a4381763981d4abf81a570636ab053b) Importer(2089858483,b0f066a214c2f5e87bad3c948f4d605d) (ScriptedImporter) -> (artifact id: '758bc026586e6b45e200093c3ef409e8') in 0.002143583 seconds
Number of updated asset objects reloaded before import = 0Number of asset objects unloaded after import = 1

========================================================================
Received Import Request.
  Time since last request: 0.000068 seconds.
  path: Assets/Kenny3D/Models/OBJ format/building-f.mtl
  artifactKey: Guid(3204bf27beb35407fadfba295c8e0ff6) Importer(2089858483,b0f066a214c2f5e87bad3c948f4d605d)
Start importing Assets/Kenny3D/Models/OBJ format/building-f.mtl using Guid(3204bf27beb35407fadfba295c8e0ff6) Importer(2089858483,b0f066a214c2f5e87bad3c948f4d605d) (ScriptedImporter) -> (artifact id: 'e0d5236fffa4156e8f6a4a30fad011df') in 0.002066875 seconds
Number of updated asset objects reloaded before import = 0Number of asset objects unloaded after import = 1

========================================================================
Received Import Request.
  Time since last request: 0.000045 seconds.
  path: Assets/Kenny3D/Models/OBJ format/building-g.obj
  artifactKey: Guid(ca92a1c53f4ed4b509905707a64b68af) Importer(2089858483,b0f066a214c2f5e87bad3c948f4d605d)
Start importing Assets/Kenny3D/Models/OBJ format/building-g.obj using Guid(ca92a1c53f4ed4b509905707a64b68af) Importer(2089858483,b0f066a214c2f5e87bad3c948f4d605d) (ScriptedImporter) -> (artifact id: '55895d7e946c24a25527c04cc5f8b06c') in 0.006848167 seconds
Number of updated asset objects reloaded before import = 0Number of asset objects unloaded after import = 11

========================================================================
Received Import Request.
  Time since last request: 0.000042 seconds.
  path: Assets/Kenny3D/Models/FBX format/building-g.fbx
  artifactKey: Guid(185d3a4233e5b4c449ebfac3fb568e34) Importer(2089858483,b0f066a214c2f5e87bad3c948f4d605d)
Start importing Assets/Kenny3D/Models/FBX format/building-g.fbx using Guid(185d3a4233e5b4c449ebfac3fb568e34) Importer(2089858483,b0f066a214c2f5e87bad3c948f4d605d) (ScriptedImporter) -> (artifact id: '45229504d07528464cefb7d33fafca7e') in 0.008557417 seconds
Number of updated asset objects reloaded before import = 0Number of asset objects unloaded after import = 9

========================================================================
Received Import Request.
  Time since last request: 0.000062 seconds.
  path: Assets/Kenny3D/Models/GLB format/building-b.glb
  artifactKey: Guid(52a1b00df0d7a4009ad06409e597c1e9) Importer(2089858483,b0f066a214c2f5e87bad3c948f4d605d)
Start importing Assets/Kenny3D/Models/GLB format/building-b.glb using Guid(52a1b00df0d7a4009ad06409e597c1e9) Importer(2089858483,b0f066a214c2f5e87bad3c948f4d605d) (ScriptedImporter) -> (artifact id: 'c5906de19200534a2bb9ec332ec37d1a') in 0.002406833 seconds
Number of updated asset objects reloaded before import = 0Number of asset objects unloaded after import = 1

========================================================================
Received Import Request.
  Time since last request: 0.000053 seconds.
  path: Assets/Kenny3D/Models/OBJ format/building-l.obj
  artifactKey: Guid(cdc6626a2d7f6444bb2a4bea4f8eaf73) Importer(2089858483,b0f066a214c2f5e87bad3c948f4d605d)
Start importing Assets/Kenny3D/Models/OBJ format/building-l.obj using Guid(cdc6626a2d7f6444bb2a4bea4f8eaf73) Importer(2089858483,b0f066a214c2f5e87bad3c948f4d605d) (ScriptedImporter) -> (artifact id: '860bd85aa86dbda57c38fe311e9d701e') in 0.007233291 seconds
Number of updated asset objects reloaded before import = 0Number of asset objects unloaded after import = 11

========================================================================
Received Import Request.
  Time since last request: 0.000039 seconds.
  path: Assets/Kenny3D/Models/FBX format/building-b.fbx
  artifactKey: Guid(c7f439b18bbd946d09062b501707f487) Importer(2089858483,b0f066a214c2f5e87bad3c948f4d605d)
Start importing Assets/Kenny3D/Models/FBX format/building-b.fbx using Guid(c7f439b18bbd946d09062b501707f487) Importer(2089858483,b0f066a214c2f5e87bad3c948f4d605d) (ScriptedImporter) -> (artifact id: '859b7521e8cf357d5981fa127be22e2d') in 0.008253375 seconds
Number of updated asset objects reloaded before import = 0Number of asset objects unloaded after import = 9

========================================================================
Received Import Request.
  Time since last request: 0.000099 seconds.
  path: Assets/Kenny3D/Models/FBX format/building-p.fbx
  artifactKey: Guid(802cee05106794e42949d46a4ed37074) Importer(2089858483,b0f066a214c2f5e87bad3c948f4d605d)
Start importing Assets/Kenny3D/Models/FBX format/building-p.fbx using Guid(802cee05106794e42949d46a4ed37074) Importer(2089858483,b0f066a214c2f5e87bad3c948f4d605d) (ScriptedImporter) -> (artifact id: '47f7984a8505348bf6006becf484c398') in 0.011709125 seconds
Number of updated asset objects reloaded before import = 0Number of asset objects unloaded after import = 9

========================================================================
Received Import Request.
  Time since last request: 0.000054 seconds.
  path: Assets/Kenny3D/Models/OBJ format/building-f.obj
  artifactKey: Guid(824cd727ffb5744a890c8dc09f9e9503) Importer(2089858483,b0f066a214c2f5e87bad3c948f4d605d)
Start importing Assets/Kenny3D/Models/OBJ format/building-f.obj using Guid(824cd727ffb5744a890c8dc09f9e9503) Importer(2089858483,b0f066a214c2f5e87bad3c948f4d605d) (ScriptedImporter) -> (artifact id: '20d9c748a181c0d26e5bcad516c29336') in 0.006841 seconds
Number of updated asset objects reloaded before import = 0Number of asset objects unloaded after import = 11

========================================================================
Received Import Request.
  Time since last request: 0.000041 seconds.
  path: Assets/TutorialInfo/Scripts/Editor/ReadmeEditor.cs
  artifactKey: Guid(476cc7d7cd9874016adc216baab94a0a) Importer(2089858483,b0f066a214c2f5e87bad3c948f4d605d)
Start importing Assets/TutorialInfo/Scripts/Editor/ReadmeEditor.cs using Guid(476cc7d7cd9874016adc216baab94a0a) Importer(2089858483,b0f066a214c2f5e87bad3c948f4d605d) (ScriptedImporter) -> (artifact id: '8f385293d45962c024e4fc974f7251a2') in 0.003062708 seconds
Number of updated asset objects reloaded before import = 0Number of asset objects unloaded after import = 0

========================================================================
Received Import Request.
  Time since last request: 0.000037 seconds.
  path: Assets/Kenny3D/Models/OBJ format/building-m.obj
  artifactKey: Guid(26c0df3760ae646d39adb27a08df85f6) Importer(2089858483,b0f066a214c2f5e87bad3c948f4d605d)
Start importing Assets/Kenny3D/Models/OBJ format/building-m.obj using Guid(26c0df3760ae646d39adb27a08df85f6) Importer(2089858483,b0f066a214c2f5e87bad3c948f4d605d) (ScriptedImporter) -> (artifact id: '04e6bb4fb0c1b900bcd17242e952c0f6') in 0.00698725 seconds
Number of updated asset objects reloaded before import = 0Number of asset objects unloaded after import = 11

========================================================================
Received Import Request.
  Time since last request: 0.000050 seconds.
  path: Assets/Kenny3D/Models/FBX format/building-m.fbx
  artifactKey: Guid(d157a69180b40450c8f488bb24e32ab6) Importer(2089858483,b0f066a214c2f5e87bad3c948f4d605d)
Start importing Assets/Kenny3D/Models/FBX format/building-m.fbx using Guid(d157a69180b40450c8f488bb24e32ab6) Importer(2089858483,b0f066a214c2f5e87bad3c948f4d605d) (ScriptedImporter) -> (artifact id: '27e1bc79e9bad94516da3e690e2845da') in 0.010586959 seconds
Number of updated asset objects reloaded before import = 0Number of asset objects unloaded after import = 9

========================================================================
Received Import Request.
  Time since last request: 0.000104 seconds.
  path: Assets/Kenny3D/Models/OBJ format/building-p.mtl
  artifactKey: Guid(e08299800da994a928a93032a8a26b07) Importer(2089858483,b0f066a214c2f5e87bad3c948f4d605d)
Start importing Assets/Kenny3D/Models/OBJ format/building-p.mtl using Guid(e08299800da994a928a93032a8a26b07) Importer(2089858483,b0f066a214c2f5e87bad3c948f4d605d) (ScriptedImporter) -> (artifact id: '8619f4bdb8802579b4bb3c40d8b0c647') in 0.002526417 seconds
Number of updated asset objects reloaded before import = 0Number of asset objects unloaded after import = 1

========================================================================
Received Import Request.
  Time since last request: 0.000132 seconds.
  path: Assets/Kenny3D/Models/GLB format/building-f.glb
  artifactKey: Guid(57b01d5b6d4454682876b159f65dbd10) Importer(2089858483,b0f066a214c2f5e87bad3c948f4d605d)
Start importing Assets/Kenny3D/Models/GLB format/building-f.glb using Guid(57b01d5b6d4454682876b159f65dbd10) Importer(2089858483,b0f066a214c2f5e87bad3c948f4d605d) (ScriptedImporter) -> (artifact id: 'c143f3b8ae7dd6a3d27b49f401103f26') in 0.001906833 seconds
Number of updated asset objects reloaded before import = 0Number of asset objects unloaded after import = 1

========================================================================
Received Import Request.
  Time since last request: 0.000044 seconds.
  path: Assets/Kenny3D/Models/GLB format/detail-tank.glb
  artifactKey: Guid(38e0b4462a464425cb1a92e92a951e13) Importer(2089858483,b0f066a214c2f5e87bad3c948f4d605d)
Start importing Assets/Kenny3D/Models/GLB format/detail-tank.glb using Guid(38e0b4462a464425cb1a92e92a951e13) Importer(2089858483,b0f066a214c2f5e87bad3c948f4d605d) (ScriptedImporter) -> (artifact id: '191ff4a32a64bd6fef99c8b943f405f0') in 0.002638917 seconds
Number of updated asset objects reloaded before import = 0Number of asset objects unloaded after import = 1

========================================================================
Received Import Request.
  Time since last request: 0.000064 seconds.
  path: Assets/TutorialInfo/Icons/URP.png
  artifactKey: Guid(727a75301c3d24613a3ebcec4a24c2c8) Importer(2089858483,b0f066a214c2f5e87bad3c948f4d605d)
Start importing Assets/TutorialInfo/Icons/URP.png using Guid(727a75301c3d24613a3ebcec4a24c2c8) Importer(2089858483,b0f066a214c2f5e87bad3c948f4d605d) (ScriptedImporter) -> (artifact id: '269bcf762e64428bdc4d85839c9262f2') in 0.05698025 seconds
Number of updated asset objects reloaded before import = 0Number of asset objects unloaded after import = 1

========================================================================
Received Import Request.
  Time since last request: 0.005723 seconds.
  path: Assets/Kenny3D/Models/GLB format/building-d.glb
  artifactKey: Guid(072161210eddb48bea6054a4720b301d) Importer(2089858483,b0f066a214c2f5e87bad3c948f4d605d)
Start importing Assets/Kenny3D/Models/GLB format/building-d.glb using Guid(072161210eddb48bea6054a4720b301d) Importer(2089858483,b0f066a214c2f5e87bad3c948f4d605d) (ScriptedImporter) -> (artifact id: '3b3f8f9a83f686a7ca80626e06a7f82b') in 0.005385417 seconds
Number of updated asset objects reloaded before import = 0Number of asset objects unloaded after import = 1

========================================================================
Received Import Request.
  Time since last request: 0.002983 seconds.
  path: Assets/Scripts/Receiver.cs
  artifactKey: Guid(08e9883ed345940449761ea1f6edb2e2) Importer(2089858483,b0f066a214c2f5e87bad3c948f4d605d)
Start importing Assets/Scripts/Receiver.cs using Guid(08e9883ed345940449761ea1f6edb2e2) Importer(2089858483,b0f066a214c2f5e87bad3c948f4d605d) (ScriptedImporter) -> (artifact id: '3e494c50c030073204fe9460820aca9f') in 0.003570875 seconds
Number of updated asset objects reloaded before import = 0Number of asset objects unloaded after import = 0

========================================================================
Received Import Request.
  Time since last request: 0.000142 seconds.
  path: Assets/Kenny3D/Models/FBX format/chimney-medium.fbx
  artifactKey: Guid(c880e91e0eb2748a1927dd6f8d75a960) Importer(2089858483,b0f066a214c2f5e87bad3c948f4d605d)
Start importing Assets/Kenny3D/Models/FBX format/chimney-medium.fbx using Guid(c880e91e0eb2748a1927dd6f8d75a960) Importer(2089858483,b0f066a214c2f5e87bad3c948f4d605d) (ScriptedImporter) -> (artifact id: 'b7c2a79be3b751ec06664cf0fadb3a8a') in 0.009780208 seconds
Number of updated asset objects reloaded before import = 0Number of asset objects unloaded after import = 9

========================================================================
Received Import Request.
  Time since last request: 0.000362 seconds.
  path: Assets/Kenny3D/Models/GLB format/chimney-medium.glb
  artifactKey: Guid(0b8b83ba180ef4b719e23e9ea49d2883) Importer(2089858483,b0f066a214c2f5e87bad3c948f4d605d)
Start importing Assets/Kenny3D/Models/GLB format/chimney-medium.glb using Guid(0b8b83ba180ef4b719e23e9ea49d2883) Importer(2089858483,b0f066a214c2f5e87bad3c948f4d605d) (ScriptedImporter) -> (artifact id: '119f2853e9f8755a092e1a5fc1706c81') in 0.005607042 seconds
Number of updated asset objects reloaded before import = 0Number of asset objects unloaded after import = 1

========================================================================
Received Import Request.
  Time since last request: 7.015335 seconds.
  path: Assets/InputSystem_Actions.inputactions
  artifactKey: Guid(052faaac586de48259a63d0c4782560b) Importer(815301076,1909f56bfc062723c751e8b465ee728b)
Start importing Assets/InputSystem_Actions.inputactions using Guid(052faaac586de48259a63d0c4782560b) Importer(815301076,1909f56bfc062723c751e8b465ee728b) (PreviewImporter) -> (artifact id: '01930f40487c8621e82f37946cdc2c76') in 0.090442416 seconds
Number of updated asset objects reloaded before import = 0Number of asset objects unloaded after import = 20

========================================================================
Received Import Request.
  Time since last request: 1.973170 seconds.
  path: Assets/TutorialInfo
  artifactKey: Guid(ba062aa6c92b140379dbc06b43dd3b9b) Importer(815301076,1909f56bfc062723c751e8b465ee728b)
Start importing Assets/TutorialInfo using Guid(ba062aa6c92b140379dbc06b43dd3b9b) Importer(815301076,1909f56bfc062723c751e8b465ee728b) (PreviewImporter) -> (artifact id: 'bd0ce3b9fb2b0078fcd59af112aef3b6') in 0.000468292 seconds
Number of updated asset objects reloaded before import = 0Number of asset objects unloaded after import = 0

========================================================================
Received Import Request.
  Time since last request: 0.627577 seconds.
  path: Assets/Settings
  artifactKey: Guid(709f11a7f3c4041caa4ef136ea32d874) Importer(815301076,1909f56bfc062723c751e8b465ee728b)
Start importing Assets/Settings using Guid(709f11a7f3c4041caa4ef136ea32d874) Importer(815301076,1909f56bfc062723c751e8b465ee728b) (PreviewImporter) -> (artifact id: 'c4b47d252bc4e8d77fd6334abcf5e3e8') in 0.000656583 seconds
Number of updated asset objects reloaded before import = 0Number of asset objects unloaded after import = 0

========================================================================
Received Import Request.
  Time since last request: 0.482546 seconds.
  path: Assets/Scripts
  artifactKey: Guid(2e9f6f07be0c2674a993cc3d17cda0f5) Importer(815301076,1909f56bfc062723c751e8b465ee728b)
Start importing Assets/Scripts using Guid(2e9f6f07be0c2674a993cc3d17cda0f5) Importer(815301076,1909f56bfc062723c751e8b465ee728b) (PreviewImporter) -> (artifact id: 'a30be6ec570cedd27d63c9cea20be93e') in 0.000668167 seconds
Number of updated asset objects reloaded before import = 0Number of asset objects unloaded after import = 0

========================================================================
Received Import Request.
  Time since last request: 0.627918 seconds.
  path: Assets/Scenes
  artifactKey: Guid(f873aaeccff144aca82743822513b4c4) Importer(815301076,1909f56bfc062723c751e8b465ee728b)
Start importing Assets/Scenes using Guid(f873aaeccff144aca82743822513b4c4) Importer(815301076,1909f56bfc062723c751e8b465ee728b) (PreviewImporter) -> (artifact id: '4bf15bfd5b3a20d3b81c422605287338') in 0.000665458 seconds
Number of updated asset objects reloaded before import = 0Number of asset objects unloaded after import = 0

========================================================================
Received Import Request.
  Time since last request: 1.002926 seconds.
  path: Assets/Scenes/SampleScene.unity
  artifactKey: Guid(99c9720ab356a0642a771bea13969a05) Importer(815301076,1909f56bfc062723c751e8b465ee728b)
Start importing Assets/Scenes/SampleScene.unity using Guid(99c9720ab356a0642a771bea13969a05) Importer(815301076,1909f56bfc062723c751e8b465ee728b) (PreviewImporter) -> (artifact id: '514ea6f1f5824bbd0ed1e9cc879feddd') in 0.000470291 seconds
Number of updated asset objects reloaded before import = 0Number of asset objects unloaded after import = 0

========================================================================
Received Import Request.
  Time since last request: 25.908167 seconds.
  path: Assets/Scenes/SampleScene.unity
  artifactKey: Guid(99c9720ab356a0642a771bea13969a05) Importer(2089858483,b0f066a214c2f5e87bad3c948f4d605d)
Start importing Assets/Scenes/SampleScene.unity using Guid(99c9720ab356a0642a771bea13969a05) Importer(2089858483,b0f066a214c2f5e87bad3c948f4d605d) (ScriptedImporter) -> (artifact id: '6c2126bd161d8a113f1004d663683459') in 0.017121625 seconds
Number of updated asset objects reloaded before import = 0Number of asset objects unloaded after import = 1

========================================================================
Received Import Request.
  Time since last request: 25.270581 seconds.
  path: Assets/Scenes/SampleScene.unity
  artifactKey: Guid(99c9720ab356a0642a771bea13969a05) Importer(2089858483,b0f066a214c2f5e87bad3c948f4d605d)
Start importing Assets/Scenes/SampleScene.unity using Guid(99c9720ab356a0642a771bea13969a05) Importer(2089858483,b0f066a214c2f5e87bad3c948f4d605d) (ScriptedImporter) -> (artifact id: '56e23dd11891a743c714c29d43f17e9b') in 0.01907875 seconds
Number of updated asset objects reloaded before import = 0Number of asset objects unloaded after import = 1

========================================================================
Received Import Request.
  Time since last request: 14.921906 seconds.
  path: Assets/Prefab
  artifactKey: Guid(bca2d7eaed15849ddb094b46b13f8912) Importer(815301076,1909f56bfc062723c751e8b465ee728b)
Start importing Assets/Prefab using Guid(bca2d7eaed15849ddb094b46b13f8912) Importer(815301076,1909f56bfc062723c751e8b465ee728b) (PreviewImporter) -> (artifact id: 'd698ccf9ada44890bc981508e08b80ef') in 0.005908125 seconds
Number of updated asset objects reloaded before import = 0Number of asset objects unloaded after import = 0

========================================================================
Received Import Request.
  Time since last request: 0.864585 seconds.
  path: Assets/Prefab
  artifactKey: Guid(bca2d7eaed15849ddb094b46b13f8912) Importer(2089858483,b0f066a214c2f5e87bad3c948f4d605d)
Start importing Assets/Prefab using Guid(bca2d7eaed15849ddb094b46b13f8912) Importer(2089858483,b0f066a214c2f5e87bad3c948f4d605d) (ScriptedImporter) -> (artifact id: '89d8d6ba9aa9956afcbc2212dbe99519') in 0.004133917 seconds
Number of updated asset objects reloaded before import = 0Number of asset objects unloaded after import = 1

========================================================================
Received Import Request.
  Time since last request: 69.898543 seconds.
  path: Assets/Prefab/Capsule.prefab
  artifactKey: Guid(72692fb62287a4270a1f42b60ff36925) Importer(815301076,1909f56bfc062723c751e8b465ee728b)
Start importing Assets/Prefab/Capsule.prefab using Guid(72692fb62287a4270a1f42b60ff36925) Importer(815301076,1909f56bfc062723c751e8b465ee728b) (PreviewImporter) -> (artifact id: '0eebba7571fcf57ae4587fc59f093515') in 4.576820833 seconds
Number of updated asset objects reloaded before import = 0Number of asset objects unloaded after import = 12

========================================================================
Received Import Request.
  Time since last request: 7.517572 seconds.
  path: Assets/Prefab/Character Controller.prefab
  artifactKey: Guid(72692fb62287a4270a1f42b60ff36925) Importer(815301076,1909f56bfc062723c751e8b465ee728b)
Start importing Assets/Prefab/Character Controller.prefab using Guid(72692fb62287a4270a1f42b60ff36925) Importer(815301076,1909f56bfc062723c751e8b465ee728b) (PreviewImporter) -> (artifact id: 'c2f372c5a7d24dc669243805899bac43') in 0.027852541 seconds
Number of updated asset objects reloaded before import = 0Number of asset objects unloaded after import = 12

========================================================================
Received Import Request.
  Time since last request: 0.888981 seconds.
  path: Assets/Prefab/Character Controller.prefab
  artifactKey: Guid(72692fb62287a4270a1f42b60ff36925) Importer(2089858483,b0f066a214c2f5e87bad3c948f4d605d)
Start importing Assets/Prefab/Character Controller.prefab using Guid(72692fb62287a4270a1f42b60ff36925) Importer(2089858483,b0f066a214c2f5e87bad3c948f4d605d) (ScriptedImporter) -> (artifact id: '27ba5d8a1e89b161d3b749c34c4c7955') in 0.022594042 seconds
Number of updated asset objects reloaded before import = 0Number of asset objects unloaded after import = 12

========================================================================
Received Import Request.
  Time since last request: 5.178754 seconds.
  path: Assets/Scenes/SampleScene.unity
  artifactKey: Guid(99c9720ab356a0642a771bea13969a05) Importer(2089858483,b0f066a214c2f5e87bad3c948f4d605d)
Start importing Assets/Scenes/SampleScene.unity using Guid(99c9720ab356a0642a771bea13969a05) Importer(2089858483,b0f066a214c2f5e87bad3c948f4d605d) (ScriptedImporter) -> (artifact id: 'b04e1106a630212081594b55daf5c630') in 0.006150166 seconds
Number of updated asset objects reloaded before import = 0Number of asset objects unloaded after import = 1

========================================================================
Received Prepare
WARNING: Shader Unsupported: 'Universal Render Pipeline/VR/SpatialMapping/Wireframe' - All subshaders removed
WARNING: Shader Did you use #pragma only_renderers and omit this platform?
WARNING: Shader If subshaders removal was intentional, you may have forgotten turning Fallback off?
WARNING: Shader Unsupported: 'Universal Render Pipeline/VR/SpatialMapping/Wireframe' - All subshaders removed
WARNING: Shader Did you use #pragma only_renderers and omit this platform?
WARNING: Shader If subshaders removal was intentional, you may have forgotten turning Fallback off?
Refreshing native plugins compatible for Editor in 0.35 ms, found 1 plugins.
Preloading 0 native plugins for Editor in 0.00 ms.
Unloading 17 Unused Serialized files (Serialized files now loaded: 0)
Unloading 6178 unused Assets / (4.2 MB). Loaded Objects now: 7107.
Memory consumption went from 158.0 MB to 153.8 MB.
Total: 29.049959 ms (FindLiveObjects: 0.638542 ms CreateObjectMapping: 0.200833 ms MarkObjects: 26.647375 ms  DeleteObjects: 1.562792 ms)

Prepare: number of updated asset objects reloaded= 0
========================================================================
Received Import Request.
  Time since last request: 22.752150 seconds.
  path: Assets/Scripts/CharacterController.cs
  artifactKey: Guid(c9a2035cf335c462aa8811bcf927b247) Importer(815301076,1909f56bfc062723c751e8b465ee728b)
Start importing Assets/Scripts/CharacterController.cs using Guid(c9a2035cf335c462aa8811bcf927b247) Importer(815301076,1909f56bfc062723c751e8b465ee728b) (PreviewImporter) -> (artifact id: '09a00ef977d08c5b5594cb189a0a3309') in 0.002244583 seconds
Number of updated asset objects reloaded before import = 0Number of asset objects unloaded after import = 0

========================================================================
Received Import Request.
  Time since last request: 0.073821 seconds.
  path: Assets/Scripts/CharacterController.cs
  artifactKey: Guid(c9a2035cf335c462aa8811bcf927b247) Importer(2089858483,b0f066a214c2f5e87bad3c948f4d605d)
Start importing Assets/Scripts/CharacterController.cs using Guid(c9a2035cf335c462aa8811bcf927b247) Importer(2089858483,b0f066a214c2f5e87bad3c948f4d605d) (ScriptedImporter) -> (artifact id: 'f7f4d8bcd70773adf62297ba61ae2313') in 0.003486792 seconds
Number of updated asset objects reloaded before import = 0Number of asset objects unloaded after import = 0

========================================================================
Received Prepare
Begin MonoManager ReloadAssembly
[Licensing::Client] Successfully resolved entitlement details
Thread 0x173eef000 may have been prematurely finalized
- Loaded All Assemblies, in  0.929 seconds
Script 'CharacterController' has the same name as built-in Unity component.
AddComponent and GetComponent will not work with this script.
Refreshing native plugins compatible for Editor in 0.34 ms, found 1 plugins.
Native extension for WindowsStandalone target not found
Native extension for OSXStandalone target not found
Native extension for WebGL target not found
[Package Manager] Failed to launch server process. Reason: Unity was launched with the -noUpm command-line argument
[Package Manager] Unable to send message (not connected to server process).
[Package Manager] Cannot connect to Unity Package Manager local server
ScheduleIndexationOnStartup MainProcess:False IndexOnStartup:True
Mono: successfully reloaded assembly
- Finished resetting the current domain, in  0.700 seconds
Domain Reload Profiling: 1636ms
	BeginReloadAssembly (308ms)
		ExecutionOrderSort (0ms)
		DisableScriptedObjects (34ms)
		BackupInstance (0ms)
		ReleaseScriptingObjects (0ms)
		CreateAndSetChildDomain (104ms)
	RebuildCommonClasses (31ms)
	RebuildNativeTypeToScriptingClass (16ms)
	initialDomainReloadingComplete (38ms)
	LoadAllAssembliesAndSetupDomain (543ms)
		LoadAssemblies (409ms)
		RebuildTransferFunctionScriptingTraits (0ms)
		AnalyzeDomain (228ms)
			TypeCache.Refresh (24ms)
				TypeCache.ScanAssembly (0ms)
			BuildScriptInfoCaches (180ms)
			ResolveRequiredComponents (15ms)
	FinalizeReload (701ms)
		ReleaseScriptCaches (0ms)
		RebuildScriptCaches (0ms)
		SetupLoadedEditorAssemblies (510ms)
			LogAssemblyErrors (0ms)
			InitializePlatformSupportModulesInManaged (2ms)
			SetLoadedEditorAssemblies (5ms)
			BeforeProcessingInitializeOnLoad (154ms)
			ProcessInitializeOnLoadAttributes (300ms)
			ProcessInitializeOnLoadMethodAttributes (48ms)
			AfterProcessingInitializeOnLoad (1ms)
			EditorAssembliesLoaded (0ms)
		ExecutionOrderSort2 (0ms)
		AwakeInstancesAfterBackupRestoration (9ms)
WARNING: Shader Unsupported: 'Universal Render Pipeline/VR/SpatialMapping/Wireframe' - All subshaders removed
WARNING: Shader Did you use #pragma only_renderers and omit this platform?
WARNING: Shader If subshaders removal was intentional, you may have forgotten turning Fallback off?
WARNING: Shader Unsupported: 'Universal Render Pipeline/VR/SpatialMapping/Wireframe' - All subshaders removed
WARNING: Shader Did you use #pragma only_renderers and omit this platform?
WARNING: Shader If subshaders removal was intentional, you may have forgotten turning Fallback off?
Refreshing native plugins compatible for Editor in 0.34 ms, found 1 plugins.
Preloading 0 native plugins for Editor in 0.00 ms.
Unloading 17 Unused Serialized files (Serialized files now loaded: 0)
Unloading 6182 unused Assets / (2.3 MB). Loaded Objects now: 7031.
Memory consumption went from 167.0 MB to 164.7 MB.
Total: 8.806667 ms (FindLiveObjects: 0.449000 ms CreateObjectMapping: 0.302833 ms MarkObjects: 6.516584 ms  DeleteObjects: 1.537708 ms)

Prepare: number of updated asset objects reloaded= 0
========================================================================
Received Prepare
Begin MonoManager ReloadAssembly
[Licensing::Client] Successfully resolved entitlement details
Thread 0x16c3af000 may have been prematurely finalized
- Loaded All Assemblies, in  1.644 seconds
Script 'CharacterController' has the same name as built-in Unity component.
AddComponent and GetComponent will not work with this script.
Refreshing native plugins compatible for Editor in 0.28 ms, found 1 plugins.
Native extension for WindowsStandalone target not found
Native extension for OSXStandalone target not found
Native extension for WebGL target not found
[Package Manager] Failed to launch server process. Reason: Unity was launched with the -noUpm command-line argument
[Package Manager] Unable to send message (not connected to server process).
[Package Manager] Cannot connect to Unity Package Manager local server
ScheduleIndexationOnStartup MainProcess:False IndexOnStartup:True
Mono: successfully reloaded assembly
- Finished resetting the current domain, in  0.534 seconds
Domain Reload Profiling: 2182ms
	BeginReloadAssembly (849ms)
		ExecutionOrderSort (0ms)
		DisableScriptedObjects (42ms)
		BackupInstance (0ms)
		ReleaseScriptingObjects (5ms)
		CreateAndSetChildDomain (121ms)
	RebuildCommonClasses (45ms)
	RebuildNativeTypeToScriptingClass (13ms)
	initialDomainReloadingComplete (34ms)
	LoadAllAssembliesAndSetupDomain (707ms)
		LoadAssemblies (961ms)
		RebuildTransferFunctionScriptingTraits (0ms)
		AnalyzeDomain (233ms)
			TypeCache.Refresh (28ms)
				TypeCache.ScanAssembly (0ms)
			BuildScriptInfoCaches (192ms)
			ResolveRequiredComponents (8ms)
	FinalizeReload (534ms)
		ReleaseScriptCaches (0ms)
		RebuildScriptCaches (0ms)
		SetupLoadedEditorAssemblies (408ms)
			LogAssemblyErrors (0ms)
			InitializePlatformSupportModulesInManaged (2ms)
			SetLoadedEditorAssemblies (3ms)
			BeforeProcessingInitializeOnLoad (114ms)
			ProcessInitializeOnLoadAttributes (245ms)
			ProcessInitializeOnLoadMethodAttributes (42ms)
			AfterProcessingInitializeOnLoad (1ms)
			EditorAssembliesLoaded (0ms)
		ExecutionOrderSort2 (0ms)
		AwakeInstancesAfterBackupRestoration (8ms)
WARNING: Shader Unsupported: 'Universal Render Pipeline/VR/SpatialMapping/Wireframe' - All subshaders removed
WARNING: Shader Did you use #pragma only_renderers and omit this platform?
WARNING: Shader If subshaders removal was intentional, you may have forgotten turning Fallback off?
WARNING: Shader Unsupported: 'Universal Render Pipeline/VR/SpatialMapping/Wireframe' - All subshaders removed
WARNING: Shader Did you use #pragma only_renderers and omit this platform?
WARNING: Shader If subshaders removal was intentional, you may have forgotten turning Fallback off?
Refreshing native plugins compatible for Editor in 0.32 ms, found 1 plugins.
Preloading 0 native plugins for Editor in 0.00 ms.
Unloading 17 Unused Serialized files (Serialized files now loaded: 0)
Unloading 6182 unused Assets / (3.4 MB). Loaded Objects now: 7034.
Memory consumption went from 165.9 MB to 162.5 MB.
Total: 9.224666 ms (FindLiveObjects: 0.347542 ms CreateObjectMapping: 0.288750 ms MarkObjects: 6.021250 ms  DeleteObjects: 2.566625 ms)

Prepare: number of updated asset objects reloaded= 0
========================================================================
Received Import Request.
  Time since last request: 357.766932 seconds.
  path: Assets/Prefab/Character Controller.prefab
  artifactKey: Guid(72692fb62287a4270a1f42b60ff36925) Importer(815301076,1909f56bfc062723c751e8b465ee728b)
Start importing Assets/Prefab/Character Controller.prefab using Guid(72692fb62287a4270a1f42b60ff36925) Importer(815301076,1909f56bfc062723c751e8b465ee728b) (PreviewImporter) -> (artifact id: '2913e3e70d34d41e1343f6c9c4ce3c2d') in 0.391815333 seconds
Number of updated asset objects reloaded before import = 0Number of asset objects unloaded after import = 13

========================================================================
Received Prepare
Begin MonoManager ReloadAssembly
Thread 0x16c3af000 may have been prematurely finalized
- Loaded All Assemblies, in  0.687 seconds
Script 'CharacterController' has the same name as built-in Unity component.
AddComponent and GetComponent will not work with this script.
Refreshing native plugins compatible for Editor in 0.54 ms, found 1 plugins.
Native extension for WindowsStandalone target not found
Native extension for OSXStandalone target not found
Native extension for WebGL target not found
[Package Manager] Failed to launch server process. Reason: Unity was launched with the -noUpm command-line argument
[Package Manager] Unable to send message (not connected to server process).
[Package Manager] Cannot connect to Unity Package Manager local server
ScheduleIndexationOnStartup MainProcess:False IndexOnStartup:True
Mono: successfully reloaded assembly
- Finished resetting the current domain, in  0.578 seconds
Domain Reload Profiling: 1268ms
	BeginReloadAssembly (225ms)
		ExecutionOrderSort (0ms)
		DisableScriptedObjects (21ms)
		BackupInstance (0ms)
		ReleaseScriptingObjects (0ms)
		CreateAndSetChildDomain (72ms)
	RebuildCommonClasses (30ms)
	RebuildNativeTypeToScriptingClass (12ms)
	initialDomainReloadingComplete (19ms)
	LoadAllAssembliesAndSetupDomain (403ms)
		LoadAssemblies (299ms)
		RebuildTransferFunctionScriptingTraits (0ms)
		AnalyzeDomain (171ms)
			TypeCache.Refresh (20ms)
				TypeCache.ScanAssembly (0ms)
			BuildScriptInfoCaches (141ms)
			ResolveRequiredComponents (7ms)
	FinalizeReload (578ms)
		ReleaseScriptCaches (0ms)
		RebuildScriptCaches (0ms)
		SetupLoadedEditorAssemblies (440ms)
			LogAssemblyErrors (0ms)
			InitializePlatformSupportModulesInManaged (2ms)
			SetLoadedEditorAssemblies (3ms)
			BeforeProcessingInitializeOnLoad (117ms)
			ProcessInitializeOnLoadAttributes (256ms)
			ProcessInitializeOnLoadMethodAttributes (59ms)
			AfterProcessingInitializeOnLoad (2ms)
			EditorAssembliesLoaded (0ms)
		ExecutionOrderSort2 (0ms)
		AwakeInstancesAfterBackupRestoration (11ms)
WARNING: Shader Unsupported: 'Universal Render Pipeline/VR/SpatialMapping/Wireframe' - All subshaders removed
WARNING: Shader Did you use #pragma only_renderers and omit this platform?
WARNING: Shader If subshaders removal was intentional, you may have forgotten turning Fallback off?
WARNING: Shader Unsupported: 'Universal Render Pipeline/VR/SpatialMapping/Wireframe' - All subshaders removed
WARNING: Shader Did you use #pragma only_renderers and omit this platform?
WARNING: Shader If subshaders removal was intentional, you may have forgotten turning Fallback off?
Refreshing native plugins compatible for Editor in 0.74 ms, found 1 plugins.
Preloading 0 native plugins for Editor in 0.00 ms.
Unloading 17 Unused Serialized files (Serialized files now loaded: 0)
Unloading 6182 unused Assets / (3.2 MB). Loaded Objects now: 7057.
Memory consumption went from 170.6 MB to 167.3 MB.
Total: 15.167208 ms (FindLiveObjects: 0.966916 ms CreateObjectMapping: 2.033208 ms MarkObjects: 10.098792 ms  DeleteObjects: 2.067375 ms)

Prepare: number of updated asset objects reloaded= 0
========================================================================
Received Import Request.
  Time since last request: 144.225081 seconds.
  path: Assets/Scripts/CharacterController.cs
  artifactKey: Guid(c9a2035cf335c462aa8811bcf927b247) Importer(2089858483,b0f066a214c2f5e87bad3c948f4d605d)
Start importing Assets/Scripts/CharacterController.cs using Guid(c9a2035cf335c462aa8811bcf927b247) Importer(2089858483,b0f066a214c2f5e87bad3c948f4d605d) (ScriptedImporter) -> (artifact id: '2d69272748803db69e98b398a4ef50fb') in 0.128319042 seconds
Number of updated asset objects reloaded before import = 0Number of asset objects unloaded after import = 0

========================================================================
Received Prepare
Script 'CharacterController' has the same name as built-in Unity component.
AddComponent and GetComponent will not work with this script.
WARNING: Shader Unsupported: 'Universal Render Pipeline/VR/SpatialMapping/Wireframe' - All subshaders removed
WARNING: Shader Did you use #pragma only_renderers and omit this platform?
WARNING: Shader If subshaders removal was intentional, you may have forgotten turning Fallback off?
WARNING: Shader Unsupported: 'Universal Render Pipeline/VR/SpatialMapping/Wireframe' - All subshaders removed
WARNING: Shader Did you use #pragma only_renderers and omit this platform?
WARNING: Shader If subshaders removal was intentional, you may have forgotten turning Fallback off?
Refreshing native plugins compatible for Editor in 0.45 ms, found 1 plugins.
Preloading 0 native plugins for Editor in 0.00 ms.
Unloading 17 Unused Serialized files (Serialized files now loaded: 0)
Unloading 6176 unused Assets / (2.6 MB). Loaded Objects now: 7057.
Memory consumption went from 160.3 MB to 157.7 MB.
Total: 33.704125 ms (FindLiveObjects: 0.638708 ms CreateObjectMapping: 0.346334 ms MarkObjects: 29.546625 ms  DeleteObjects: 3.169125 ms)

Prepare: number of updated asset objects reloaded= 0
========================================================================
Received Import Request.
  Time since last request: 119.339591 seconds.
  path: Assets/Scripts/CharacterController.cs
  artifactKey: Guid(c9a2035cf335c462aa8811bcf927b247) Importer(2089858483,b0f066a214c2f5e87bad3c948f4d605d)
Start importing Assets/Scripts/CharacterController.cs using Guid(c9a2035cf335c462aa8811bcf927b247) Importer(2089858483,b0f066a214c2f5e87bad3c948f4d605d) (ScriptedImporter) -> (artifact id: '546c64a4065db9c35fb2d146efbcf031') in 0.015657875 seconds
Number of updated asset objects reloaded before import = 0Number of asset objects unloaded after import = 0

========================================================================
Received Prepare
Begin MonoManager ReloadAssembly
[Licensing::Client] Successfully resolved entitlement details
Thread 0x16c20b000 may have been prematurely finalized
- Loaded All Assemblies, in  1.951 seconds
Script 'CharacterController' has the same name as built-in Unity component.
AddComponent and GetComponent will not work with this script.
Refreshing native plugins compatible for Editor in 0.26 ms, found 1 plugins.
Native extension for WindowsStandalone target not found
Native extension for OSXStandalone target not found
Native extension for WebGL target not found
[Package Manager] Failed to launch server process. Reason: Unity was launched with the -noUpm command-line argument
[Package Manager] Unable to send message (not connected to server process).
[Package Manager] Cannot connect to Unity Package Manager local server
ScheduleIndexationOnStartup MainProcess:False IndexOnStartup:True
Mono: successfully reloaded assembly
- Finished resetting the current domain, in  0.699 seconds
Domain Reload Profiling: 2656ms
	BeginReloadAssembly (898ms)
		ExecutionOrderSort (0ms)
		DisableScriptedObjects (39ms)
		BackupInstance (0ms)
		ReleaseScriptingObjects (2ms)
		CreateAndSetChildDomain (253ms)
	RebuildCommonClasses (38ms)
	RebuildNativeTypeToScriptingClass (15ms)
	initialDomainReloadingComplete (34ms)
	LoadAllAssembliesAndSetupDomain (972ms)
		LoadAssemblies (1007ms)
		RebuildTransferFunctionScriptingTraits (0ms)
		AnalyzeDomain (364ms)
			TypeCache.Refresh (83ms)
				TypeCache.ScanAssembly (2ms)
			BuildScriptInfoCaches (256ms)
			ResolveRequiredComponents (16ms)
	FinalizeReload (699ms)
		ReleaseScriptCaches (0ms)
		RebuildScriptCaches (0ms)
		SetupLoadedEditorAssemblies (538ms)
			LogAssemblyErrors (0ms)
			InitializePlatformSupportModulesInManaged (2ms)
			SetLoadedEditorAssemblies (5ms)
			BeforeProcessingInitializeOnLoad (159ms)
			ProcessInitializeOnLoadAttributes (320ms)
			ProcessInitializeOnLoadMethodAttributes (51ms)
			AfterProcessingInitializeOnLoad (1ms)
			EditorAssembliesLoaded (0ms)
		ExecutionOrderSort2 (0ms)
		AwakeInstancesAfterBackupRestoration (10ms)
WARNING: Shader Unsupported: 'Universal Render Pipeline/VR/SpatialMapping/Wireframe' - All subshaders removed
WARNING: Shader Did you use #pragma only_renderers and omit this platform?
WARNING: Shader If subshaders removal was intentional, you may have forgotten turning Fallback off?
WARNING: Shader Unsupported: 'Universal Render Pipeline/VR/SpatialMapping/Wireframe' - All subshaders removed
WARNING: Shader Did you use #pragma only_renderers and omit this platform?
WARNING: Shader If subshaders removal was intentional, you may have forgotten turning Fallback off?
Refreshing native plugins compatible for Editor in 0.35 ms, found 1 plugins.
Preloading 0 native plugins for Editor in 0.00 ms.
Unloading 17 Unused Serialized files (Serialized files now loaded: 0)
Unloading 6182 unused Assets / (2.6 MB). Loaded Objects now: 7060.
Memory consumption went from 167.2 MB to 164.6 MB.
Total: 10.328500 ms (FindLiveObjects: 0.626125 ms CreateObjectMapping: 0.346375 ms MarkObjects: 7.536833 ms  DeleteObjects: 1.818542 ms)

Prepare: number of updated asset objects reloaded= 0
========================================================================
Received Import Request.
  Time since last request: 395.160002 seconds.
  path: Assets/Scripts/CharacterController.cs
  artifactKey: Guid(c9a2035cf335c462aa8811bcf927b247) Importer(2089858483,b0f066a214c2f5e87bad3c948f4d605d)
Start importing Assets/Scripts/CharacterController.cs using Guid(c9a2035cf335c462aa8811bcf927b247) Importer(2089858483,b0f066a214c2f5e87bad3c948f4d605d) (ScriptedImporter) -> (artifact id: 'b658e719dee0e45eb6d5f77bc117b2d2') in 0.282724 seconds
Number of updated asset objects reloaded before import = 0Number of asset objects unloaded after import = 0

========================================================================
Received Prepare
Begin MonoManager ReloadAssembly
[Licensing::Client] Successfully resolved entitlement details
Thread 0x16bec3000 may have been prematurely finalized
- Loaded All Assemblies, in  0.978 seconds
Refreshing native plugins compatible for Editor in 0.46 ms, found 1 plugins.
Native extension for WindowsStandalone target not found
Native extension for OSXStandalone target not found
Native extension for WebGL target not found
[Package Manager] Failed to launch server process. Reason: Unity was launched with the -noUpm command-line argument
[Package Manager] Unable to send message (not connected to server process).
[Package Manager] Cannot connect to Unity Package Manager local server
ScheduleIndexationOnStartup MainProcess:False IndexOnStartup:True
Mono: successfully reloaded assembly
- Finished resetting the current domain, in  0.668 seconds
Domain Reload Profiling: 1651ms
	BeginReloadAssembly (379ms)
		ExecutionOrderSort (0ms)
		DisableScriptedObjects (23ms)
		BackupInstance (0ms)
		ReleaseScriptingObjects (2ms)
		CreateAndSetChildDomain (110ms)
	RebuildCommonClasses (31ms)
	RebuildNativeTypeToScriptingClass (13ms)
	initialDomainReloadingComplete (37ms)
	LoadAllAssembliesAndSetupDomain (522ms)
		LoadAssemblies (446ms)
		RebuildTransferFunctionScriptingTraits (0ms)
		AnalyzeDomain (210ms)
			TypeCache.Refresh (24ms)
				TypeCache.ScanAssembly (1ms)
			BuildScriptInfoCaches (172ms)
			ResolveRequiredComponents (7ms)
	FinalizeReload (669ms)
		ReleaseScriptCaches (0ms)
		RebuildScriptCaches (0ms)
		SetupLoadedEditorAssemblies (470ms)
			LogAssemblyErrors (0ms)
			InitializePlatformSupportModulesInManaged (3ms)
			SetLoadedEditorAssemblies (10ms)
			BeforeProcessingInitializeOnLoad (160ms)
			ProcessInitializeOnLoadAttributes (259ms)
			ProcessInitializeOnLoadMethodAttributes (38ms)
			AfterProcessingInitializeOnLoad (1ms)
			EditorAssembliesLoaded (0ms)
		ExecutionOrderSort2 (0ms)
		AwakeInstancesAfterBackupRestoration (8ms)
WARNING: Shader Unsupported: 'Universal Render Pipeline/VR/SpatialMapping/Wireframe' - All subshaders removed
WARNING: Shader Did you use #pragma only_renderers and omit this platform?
WARNING: Shader If subshaders removal was intentional, you may have forgotten turning Fallback off?
WARNING: Shader Unsupported: 'Universal Render Pipeline/VR/SpatialMapping/Wireframe' - All subshaders removed
WARNING: Shader Did you use #pragma only_renderers and omit this platform?
WARNING: Shader If subshaders removal was intentional, you may have forgotten turning Fallback off?
Refreshing native plugins compatible for Editor in 0.27 ms, found 1 plugins.
Preloading 0 native plugins for Editor in 0.00 ms.
Unloading 17 Unused Serialized files (Serialized files now loaded: 0)
Unloading 6182 unused Assets / (3.2 MB). Loaded Objects now: 7063.
Memory consumption went from 167.0 MB to 163.8 MB.
Total: 7.357625 ms (FindLiveObjects: 0.555208 ms CreateObjectMapping: 0.285042 ms MarkObjects: 5.086708 ms  DeleteObjects: 1.426542 ms)

Prepare: number of updated asset objects reloaded= 0
========================================================================
Received Import Request.
  Time since last request: 111.045582 seconds.
  path: Assets/Prefab/Character Controller.prefab
  artifactKey: Guid(72692fb62287a4270a1f42b60ff36925) Importer(815301076,1909f56bfc062723c751e8b465ee728b)
Start importing Assets/Prefab/Character Controller.prefab using Guid(72692fb62287a4270a1f42b60ff36925) Importer(815301076,1909f56bfc062723c751e8b465ee728b) (PreviewImporter) -> (artifact id: '07864d7f5d07c4feb280c3d6101de03f') in 0.381845875 seconds
Number of updated asset objects reloaded before import = 0Number of asset objects unloaded after import = 14

========================================================================
Received Import Request.
  Time since last request: 27.779812 seconds.
  path: Assets/Prefab/Character Controller.prefab
  artifactKey: Guid(72692fb62287a4270a1f42b60ff36925) Importer(815301076,1909f56bfc062723c751e8b465ee728b)
Start importing Assets/Prefab/Character Controller.prefab using Guid(72692fb62287a4270a1f42b60ff36925) Importer(815301076,1909f56bfc062723c751e8b465ee728b) (PreviewImporter) -> (artifact id: '8884c51f43beae3cc79c64dfe11de1b2') in 0.040055166 seconds
Number of updated asset objects reloaded before import = 0Number of asset objects unloaded after import = 15

========================================================================
Received Prepare
Begin MonoManager ReloadAssembly
[Licensing::Client] Successfully resolved entitlement details
Thread 0x16bec3000 may have been prematurely finalized
- Loaded All Assemblies, in  0.848 seconds
Script 'CharacterController' has the same name as built-in Unity component.
AddComponent and GetComponent will not work with this script.
Refreshing native plugins compatible for Editor in 0.25 ms, found 1 plugins.
Native extension for WindowsStandalone target not found
Native extension for OSXStandalone target not found
Native extension for WebGL target not found
[Package Manager] Failed to launch server process. Reason: Unity was launched with the -noUpm command-line argument
[Package Manager] Unable to send message (not connected to server process).
[Package Manager] Cannot connect to Unity Package Manager local server
ScheduleIndexationOnStartup MainProcess:False IndexOnStartup:True
Mono: successfully reloaded assembly
- Finished resetting the current domain, in  0.657 seconds
Domain Reload Profiling: 1510ms
	BeginReloadAssembly (254ms)
		ExecutionOrderSort (0ms)
		DisableScriptedObjects (26ms)
		BackupInstance (0ms)
		ReleaseScriptingObjects (3ms)
		CreateAndSetChildDomain (99ms)
	RebuildCommonClasses (34ms)
	RebuildNativeTypeToScriptingClass (15ms)
	initialDomainReloadingComplete (19ms)
	LoadAllAssembliesAndSetupDomain (531ms)
		LoadAssemblies (380ms)
		RebuildTransferFunctionScriptingTraits (0ms)
		AnalyzeDomain (206ms)
			TypeCache.Refresh (23ms)
				TypeCache.ScanAssembly (0ms)
			BuildScriptInfoCaches (167ms)
			ResolveRequiredComponents (8ms)
	FinalizeReload (658ms)
		ReleaseScriptCaches (0ms)
		RebuildScriptCaches (0ms)
		SetupLoadedEditorAssemblies (468ms)
			LogAssemblyErrors (0ms)
			InitializePlatformSupportModulesInManaged (2ms)
			SetLoadedEditorAssemblies (4ms)
			BeforeProcessingInitializeOnLoad (145ms)
			ProcessInitializeOnLoadAttributes (262ms)
			ProcessInitializeOnLoadMethodAttributes (53ms)
			AfterProcessingInitializeOnLoad (1ms)
			EditorAssembliesLoaded (0ms)
		ExecutionOrderSort2 (0ms)
		AwakeInstancesAfterBackupRestoration (8ms)
WARNING: Shader Unsupported: 'Universal Render Pipeline/VR/SpatialMapping/Wireframe' - All subshaders removed
WARNING: Shader Did you use #pragma only_renderers and omit this platform?
WARNING: Shader If subshaders removal was intentional, you may have forgotten turning Fallback off?
WARNING: Shader Unsupported: 'Universal Render Pipeline/VR/SpatialMapping/Wireframe' - All subshaders removed
WARNING: Shader Did you use #pragma only_renderers and omit this platform?
WARNING: Shader If subshaders removal was intentional, you may have forgotten turning Fallback off?
Refreshing native plugins compatible for Editor in 0.29 ms, found 1 plugins.
Preloading 0 native plugins for Editor in 0.00 ms.
Unloading 17 Unused Serialized files (Serialized files now loaded: 0)
Unloading 6182 unused Assets / (3.5 MB). Loaded Objects now: 7086.
Memory consumption went from 171.5 MB to 167.9 MB.
Total: 8.418292 ms (FindLiveObjects: 0.456542 ms CreateObjectMapping: 0.417541 ms MarkObjects: 5.753542 ms  DeleteObjects: 1.790334 ms)

Prepare: number of updated asset objects reloaded= 0
========================================================================
Received Prepare
Begin MonoManager ReloadAssembly
Thread 0x16bec3000 may have been prematurely finalized
- Loaded All Assemblies, in  1.029 seconds
Script 'CharacterController' has the same name as built-in Unity component.
AddComponent and GetComponent will not work with this script.
Refreshing native plugins compatible for Editor in 0.32 ms, found 1 plugins.
Native extension for WindowsStandalone target not found
Native extension for OSXStandalone target not found
Native extension for WebGL target not found
[Package Manager] Failed to launch server process. Reason: Unity was launched with the -noUpm command-line argument
[Package Manager] Unable to send message (not connected to server process).
[Package Manager] Cannot connect to Unity Package Manager local server
ScheduleIndexationOnStartup MainProcess:False IndexOnStartup:True
Mono: successfully reloaded assembly
- Finished resetting the current domain, in  0.712 seconds
Domain Reload Profiling: 1747ms
	BeginReloadAssembly (465ms)
		ExecutionOrderSort (0ms)
		DisableScriptedObjects (24ms)
		BackupInstance (0ms)
		ReleaseScriptingObjects (1ms)
		CreateAndSetChildDomain (264ms)
	RebuildCommonClasses (35ms)
	RebuildNativeTypeToScriptingClass (17ms)
	initialDomainReloadingComplete (48ms)
	LoadAllAssembliesAndSetupDomain (470ms)
		LoadAssemblies (332ms)
		RebuildTransferFunctionScriptingTraits (0ms)
		AnalyzeDomain (218ms)
			TypeCache.Refresh (19ms)
				TypeCache.ScanAssembly (0ms)
			BuildScriptInfoCaches (175ms)
			ResolveRequiredComponents (10ms)
	FinalizeReload (713ms)
		ReleaseScriptCaches (0ms)
		RebuildScriptCaches (0ms)
		SetupLoadedEditorAssemblies (558ms)
			LogAssemblyErrors (0ms)
			InitializePlatformSupportModulesInManaged (2ms)
			SetLoadedEditorAssemblies (4ms)
			BeforeProcessingInitializeOnLoad (141ms)
			ProcessInitializeOnLoadAttributes (358ms)
			ProcessInitializeOnLoadMethodAttributes (51ms)
			AfterProcessingInitializeOnLoad (1ms)
			EditorAssembliesLoaded (0ms)
		ExecutionOrderSort2 (0ms)
		AwakeInstancesAfterBackupRestoration (10ms)
WARNING: Shader Unsupported: 'Universal Render Pipeline/VR/SpatialMapping/Wireframe' - All subshaders removed
WARNING: Shader Did you use #pragma only_renderers and omit this platform?
WARNING: Shader If subshaders removal was intentional, you may have forgotten turning Fallback off?
WARNING: Shader Unsupported: 'Universal Render Pipeline/VR/SpatialMapping/Wireframe' - All subshaders removed
WARNING: Shader Did you use #pragma only_renderers and omit this platform?
WARNING: Shader If subshaders removal was intentional, you may have forgotten turning Fallback off?
Refreshing native plugins compatible for Editor in 0.32 ms, found 1 plugins.
Preloading 0 native plugins for Editor in 0.00 ms.
Unloading 17 Unused Serialized files (Serialized files now loaded: 0)
Unloading 6182 unused Assets / (3.9 MB). Loaded Objects now: 7089.
Memory consumption went from 170.7 MB to 166.8 MB.
Total: 9.154375 ms (FindLiveObjects: 0.692125 ms CreateObjectMapping: 0.472042 ms MarkObjects: 6.485167 ms  DeleteObjects: 1.504792 ms)

Prepare: number of updated asset objects reloaded= 0
========================================================================
Received Prepare
Begin MonoManager ReloadAssembly
Thread 0x16bec3000 may have been prematurely finalized
- Loaded All Assemblies, in  0.593 seconds
Script 'CharacterController' has the same name as built-in Unity component.
AddComponent and GetComponent will not work with this script.
Refreshing native plugins compatible for Editor in 0.31 ms, found 1 plugins.
Native extension for WindowsStandalone target not found
Native extension for OSXStandalone target not found
Native extension for WebGL target not found
[Package Manager] Failed to launch server process. Reason: Unity was launched with the -noUpm command-line argument
[Package Manager] Unable to send message (not connected to server process).
[Package Manager] Cannot connect to Unity Package Manager local server
ScheduleIndexationOnStartup MainProcess:False IndexOnStartup:True
Mono: successfully reloaded assembly
- Finished resetting the current domain, in  0.643 seconds
Domain Reload Profiling: 1240ms
	BeginReloadAssembly (174ms)
		ExecutionOrderSort (0ms)
		DisableScriptedObjects (7ms)
		BackupInstance (0ms)
		ReleaseScriptingObjects (0ms)
		CreateAndSetChildDomain (54ms)
	RebuildCommonClasses (32ms)
	RebuildNativeTypeToScriptingClass (11ms)
	initialDomainReloadingComplete (17ms)
	LoadAllAssembliesAndSetupDomain (362ms)
		LoadAssemblies (262ms)
		RebuildTransferFunctionScriptingTraits (0ms)
		AnalyzeDomain (152ms)
			TypeCache.Refresh (13ms)
				TypeCache.ScanAssembly (0ms)
			BuildScriptInfoCaches (120ms)
			ResolveRequiredComponents (8ms)
	FinalizeReload (643ms)
		ReleaseScriptCaches (0ms)
		RebuildScriptCaches (0ms)
		SetupLoadedEditorAssemblies (534ms)
			LogAssemblyErrors (0ms)
			InitializePlatformSupportModulesInManaged (2ms)
			SetLoadedEditorAssemblies (4ms)
			BeforeProcessingInitializeOnLoad (131ms)
			ProcessInitializeOnLoadAttributes (344ms)
			ProcessInitializeOnLoadMethodAttributes (52ms)
			AfterProcessingInitializeOnLoad (1ms)
			EditorAssembliesLoaded (0ms)
		ExecutionOrderSort2 (0ms)
		AwakeInstancesAfterBackupRestoration (9ms)
WARNING: Shader Unsupported: 'Universal Render Pipeline/VR/SpatialMapping/Wireframe' - All subshaders removed
WARNING: Shader Did you use #pragma only_renderers and omit this platform?
WARNING: Shader If subshaders removal was intentional, you may have forgotten turning Fallback off?
WARNING: Shader Unsupported: 'Universal Render Pipeline/VR/SpatialMapping/Wireframe' - All subshaders removed
WARNING: Shader Did you use #pragma only_renderers and omit this platform?
WARNING: Shader If subshaders removal was intentional, you may have forgotten turning Fallback off?
Refreshing native plugins compatible for Editor in 0.38 ms, found 1 plugins.
Preloading 0 native plugins for Editor in 0.00 ms.
Unloading 17 Unused Serialized files (Serialized files now loaded: 0)
Unloading 6182 unused Assets / (3.2 MB). Loaded Objects now: 7092.
Memory consumption went from 170.1 MB to 166.9 MB.
Total: 9.381791 ms (FindLiveObjects: 0.460542 ms CreateObjectMapping: 0.339375 ms MarkObjects: 5.961500 ms  DeleteObjects: 2.619250 ms)

Prepare: number of updated asset objects reloaded= 0
========================================================================
Received Import Request.
  Time since last request: 192.177956 seconds.
  path: Assets/Settings/DefaultVolumeProfile.asset
  artifactKey: Guid(ab09877e2e707104187f6f83e2f62510) Importer(815301076,1909f56bfc062723c751e8b465ee728b)
Start importing Assets/Settings/DefaultVolumeProfile.asset using Guid(ab09877e2e707104187f6f83e2f62510) Importer(815301076,1909f56bfc062723c751e8b465ee728b) (PreviewImporter) -> (artifact id: '10528149371aefc32227726816d72a59') in 0.069607292 seconds
Number of updated asset objects reloaded before import = 0Number of asset objects unloaded after import = 0

========================================================================
Received Import Request.
  Time since last request: 0.000124 seconds.
  path: Assets/Settings/UniversalRenderPipelineGlobalSettings.asset
  artifactKey: Guid(18dc0cd2c080841dea60987a38ce93fa) Importer(815301076,1909f56bfc062723c751e8b465ee728b)
Start importing Assets/Settings/UniversalRenderPipelineGlobalSettings.asset using Guid(18dc0cd2c080841dea60987a38ce93fa) Importer(815301076,1909f56bfc062723c751e8b465ee728b) (PreviewImporter) -> (artifact id: '1ca494c88c501fe51b8e6d26cf49ee81') in 0.000887791 seconds
Number of updated asset objects reloaded before import = 0Number of asset objects unloaded after import = 0

========================================================================
Received Import Request.
  Time since last request: 0.000061 seconds.
  path: Assets/Settings/SampleSceneProfile.asset
  artifactKey: Guid(10fc4df2da32a41aaa32d77bc913491c) Importer(815301076,1909f56bfc062723c751e8b465ee728b)
Start importing Assets/Settings/SampleSceneProfile.asset using Guid(10fc4df2da32a41aaa32d77bc913491c) Importer(815301076,1909f56bfc062723c751e8b465ee728b) (PreviewImporter) -> (artifact id: 'b72c935079ba95563e246d02d57d535f') in 0.00070275 seconds
Number of updated asset objects reloaded before import = 0Number of asset objects unloaded after import = 0

========================================================================
Received Import Request.
  Time since last request: 0.000064 seconds.
  path: Assets/Settings/Mobile_RPAsset.asset
  artifactKey: Guid(5e6cbd92db86f4b18aec3ed561671858) Importer(815301076,1909f56bfc062723c751e8b465ee728b)
Start importing Assets/Settings/Mobile_RPAsset.asset using Guid(5e6cbd92db86f4b18aec3ed561671858) Importer(815301076,1909f56bfc062723c751e8b465ee728b) (PreviewImporter) -> (artifact id: '3178b500f75bb8e943d8438cfcdcf1b7') in 0.002280458 seconds
Number of updated asset objects reloaded before import = 0Number of asset objects unloaded after import = 2

========================================================================
Received Import Request.
  Time since last request: 2.661804 seconds.
  path: Assets/Prefab/Character Controller.prefab
  artifactKey: Guid(72692fb62287a4270a1f42b60ff36925) Importer(815301076,1909f56bfc062723c751e8b465ee728b)
Start importing Assets/Prefab/Character Controller.prefab using Guid(72692fb62287a4270a1f42b60ff36925) Importer(815301076,1909f56bfc062723c751e8b465ee728b) (PreviewImporter) -> (artifact id: '61821b1d7f75bf6b06b2bd764c3ddc98') in 0.329973708 seconds
Number of updated asset objects reloaded before import = 0Number of asset objects unloaded after import = 15

========================================================================
Received Import Request.
  Time since last request: 10.512471 seconds.
  path: Assets/Prefab/Character Controller.prefab
  artifactKey: Guid(72692fb62287a4270a1f42b60ff36925) Importer(815301076,1909f56bfc062723c751e8b465ee728b)
Start importing Assets/Prefab/Character Controller.prefab using Guid(72692fb62287a4270a1f42b60ff36925) Importer(815301076,1909f56bfc062723c751e8b465ee728b) (PreviewImporter) -> (artifact id: '933dc1faeec4c7ed6dad13d941793ae5') in 0.030854084 seconds
Number of updated asset objects reloaded before import = 0Number of asset objects unloaded after import = 16

========================================================================
Received Import Request.
  Time since last request: 6.562294 seconds.
  path: Assets/Prefab/Character Controller.prefab
  artifactKey: Guid(72692fb62287a4270a1f42b60ff36925) Importer(815301076,1909f56bfc062723c751e8b465ee728b)
Start importing Assets/Prefab/Character Controller.prefab using Guid(72692fb62287a4270a1f42b60ff36925) Importer(815301076,1909f56bfc062723c751e8b465ee728b) (PreviewImporter) -> (artifact id: '3091350296200682bdae371a6bb05771') in 0.017438125 seconds
Number of updated asset objects reloaded before import = 0Number of asset objects unloaded after import = 14

========================================================================
Received Import Request.
  Time since last request: 10.415704 seconds.
  path: Assets/Prefab/Character Controller.prefab
  artifactKey: Guid(72692fb62287a4270a1f42b60ff36925) Importer(815301076,1909f56bfc062723c751e8b465ee728b)
Start importing Assets/Prefab/Character Controller.prefab using Guid(72692fb62287a4270a1f42b60ff36925) Importer(815301076,1909f56bfc062723c751e8b465ee728b) (PreviewImporter) -> (artifact id: '77563666df13f6eb0e7e7101d31b5746') in 0.037583833 seconds
Number of updated asset objects reloaded before import = 0Number of asset objects unloaded after import = 15

========================================================================
Received Prepare
Script 'CharacterController' has the same name as built-in Unity component.
AddComponent and GetComponent will not work with this script.
WARNING: Shader Unsupported: 'Universal Render Pipeline/VR/SpatialMapping/Wireframe' - All subshaders removed
WARNING: Shader Did you use #pragma only_renderers and omit this platform?
WARNING: Shader If subshaders removal was intentional, you may have forgotten turning Fallback off?
WARNING: Shader Unsupported: 'Universal Render Pipeline/VR/SpatialMapping/Wireframe' - All subshaders removed
WARNING: Shader Did you use #pragma only_renderers and omit this platform?
WARNING: Shader If subshaders removal was intentional, you may have forgotten turning Fallback off?
Refreshing native plugins compatible for Editor in 0.87 ms, found 1 plugins.
Preloading 0 native plugins for Editor in 0.00 ms.
Unloading 17 Unused Serialized files (Serialized files now loaded: 0)
Unloading 6176 unused Assets / (3.5 MB). Loaded Objects now: 7204.
Memory consumption went from 169.4 MB to 165.9 MB.
Total: 233.897667 ms (FindLiveObjects: 3.771542 ms CreateObjectMapping: 1.213708 ms MarkObjects: 219.891667 ms  DeleteObjects: 9.019750 ms)

Prepare: number of updated asset objects reloaded= 0
========================================================================
Received Import Request.
  Time since last request: 86.315949 seconds.
  path: Assets/Scripts/CharacterController.cs
  artifactKey: Guid(c9a2035cf335c462aa8811bcf927b247) Importer(815301076,1909f56bfc062723c751e8b465ee728b)
Start importing Assets/Scripts/CharacterController.cs using Guid(c9a2035cf335c462aa8811bcf927b247) Importer(815301076,1909f56bfc062723c751e8b465ee728b) (PreviewImporter) -> (artifact id: '1480576a8977143a11834fc2ff0512c9') in 0.0033675 seconds
Number of updated asset objects reloaded before import = 0Number of asset objects unloaded after import = 0

========================================================================
Received Prepare
WARNING: Shader Unsupported: 'Universal Render Pipeline/VR/SpatialMapping/Wireframe' - All subshaders removed
WARNING: Shader Did you use #pragma only_renderers and omit this platform?
WARNING: Shader If subshaders removal was intentional, you may have forgotten turning Fallback off?
WARNING: Shader Unsupported: 'Universal Render Pipeline/VR/SpatialMapping/Wireframe' - All subshaders removed
WARNING: Shader Did you use #pragma only_renderers and omit this platform?
WARNING: Shader If subshaders removal was intentional, you may have forgotten turning Fallback off?
Refreshing native plugins compatible for Editor in 0.54 ms, found 1 plugins.
Preloading 0 native plugins for Editor in 0.00 ms.
Unloading 17 Unused Serialized files (Serialized files now loaded: 0)
Unloading 6175 unused Assets / (2.7 MB). Loaded Objects now: 7203.
Memory consumption went from 166.9 MB to 164.2 MB.
Total: 23.840417 ms (FindLiveObjects: 1.348667 ms CreateObjectMapping: 0.293500 ms MarkObjects: 20.543125 ms  DeleteObjects: 1.654500 ms)

Prepare: number of updated asset objects reloaded= 0
========================================================================
Received Prepare
Begin MonoManager ReloadAssembly
[Licensing::Client] Successfully resolved entitlement details
Thread 0x16bec3000 may have been prematurely finalized
- Loaded All Assemblies, in  1.211 seconds
Refreshing native plugins compatible for Editor in 0.31 ms, found 1 plugins.
Native extension for WindowsStandalone target not found
Native extension for OSXStandalone target not found
Native extension for WebGL target not found
[Package Manager] Failed to launch server process. Reason: Unity was launched with the -noUpm command-line argument
[Package Manager] Unable to send message (not connected to server process).
[Package Manager] Cannot connect to Unity Package Manager local server
ScheduleIndexationOnStartup MainProcess:False IndexOnStartup:True
Mono: successfully reloaded assembly
- Finished resetting the current domain, in  0.749 seconds
Domain Reload Profiling: 1967ms
	BeginReloadAssembly (428ms)
		ExecutionOrderSort (0ms)
		DisableScriptedObjects (56ms)
		BackupInstance (0ms)
		ReleaseScriptingObjects (0ms)
		CreateAndSetChildDomain (106ms)
	RebuildCommonClasses (63ms)
	RebuildNativeTypeToScriptingClass (22ms)
	initialDomainReloadingComplete (34ms)
	LoadAllAssembliesAndSetupDomain (671ms)
		LoadAssemblies (560ms)
		RebuildTransferFunctionScriptingTraits (0ms)
		AnalyzeDomain (277ms)
			TypeCache.Refresh (35ms)
				TypeCache.ScanAssembly (2ms)
			BuildScriptInfoCaches (225ms)
			ResolveRequiredComponents (12ms)
	FinalizeReload (750ms)
		ReleaseScriptCaches (0ms)
		RebuildScriptCaches (0ms)
		SetupLoadedEditorAssemblies (595ms)
			LogAssemblyErrors (0ms)
			InitializePlatformSupportModulesInManaged (3ms)
			SetLoadedEditorAssemblies (11ms)
			BeforeProcessingInitializeOnLoad (189ms)
			ProcessInitializeOnLoadAttributes (341ms)
			ProcessInitializeOnLoadMethodAttributes (49ms)
			AfterProcessingInitializeOnLoad (1ms)
			EditorAssembliesLoaded (0ms)
		ExecutionOrderSort2 (0ms)
		AwakeInstancesAfterBackupRestoration (8ms)
WARNING: Shader Unsupported: 'Universal Render Pipeline/VR/SpatialMapping/Wireframe' - All subshaders removed
WARNING: Shader Did you use #pragma only_renderers and omit this platform?
WARNING: Shader If subshaders removal was intentional, you may have forgotten turning Fallback off?
WARNING: Shader Unsupported: 'Universal Render Pipeline/VR/SpatialMapping/Wireframe' - All subshaders removed
WARNING: Shader Did you use #pragma only_renderers and omit this platform?
WARNING: Shader If subshaders removal was intentional, you may have forgotten turning Fallback off?
Refreshing native plugins compatible for Editor in 0.28 ms, found 1 plugins.
Preloading 0 native plugins for Editor in 0.00 ms.
Unloading 17 Unused Serialized files (Serialized files now loaded: 0)
Unloading 6181 unused Assets / (4.4 MB). Loaded Objects now: 7114.
Memory consumption went from 169.7 MB to 165.3 MB.
Total: 10.761666 ms (FindLiveObjects: 0.465375 ms CreateObjectMapping: 0.352541 ms MarkObjects: 7.333917 ms  DeleteObjects: 2.609083 ms)

Prepare: number of updated asset objects reloaded= 0
========================================================================
Received Import Request.
  Time since last request: 49.466429 seconds.
  path: Assets/Prefab/Character Controller.prefab
  artifactKey: Guid(72692fb62287a4270a1f42b60ff36925) Importer(2089858483,b0f066a214c2f5e87bad3c948f4d605d)
Start importing Assets/Prefab/Character Controller.prefab using Guid(72692fb62287a4270a1f42b60ff36925) Importer(2089858483,b0f066a214c2f5e87bad3c948f4d605d) (ScriptedImporter) -> (artifact id: 'c02a4e22e2b657bcf6b33a2a85d84d00') in 0.143044667 seconds
Number of updated asset objects reloaded before import = 0Number of asset objects unloaded after import = 14

========================================================================
Received Prepare
WARNING: Shader Unsupported: 'Universal Render Pipeline/VR/SpatialMapping/Wireframe' - All subshaders removed
WARNING: Shader Did you use #pragma only_renderers and omit this platform?
WARNING: Shader If subshaders removal was intentional, you may have forgotten turning Fallback off?
WARNING: Shader Unsupported: 'Universal Render Pipeline/VR/SpatialMapping/Wireframe' - All subshaders removed
WARNING: Shader Did you use #pragma only_renderers and omit this platform?
WARNING: Shader If subshaders removal was intentional, you may have forgotten turning Fallback off?
Refreshing native plugins compatible for Editor in 0.39 ms, found 1 plugins.
Preloading 0 native plugins for Editor in 0.00 ms.
Unloading 17 Unused Serialized files (Serialized files now loaded: 0)
Unloading 6176 unused Assets / (2.7 MB). Loaded Objects now: 7115.
Memory consumption went from 160.1 MB to 157.4 MB.
Total: 21.973250 ms (FindLiveObjects: 0.691000 ms CreateObjectMapping: 0.282958 ms MarkObjects: 18.792625 ms  DeleteObjects: 2.205666 ms)

Prepare: number of updated asset objects reloaded= 0
========================================================================
Received Import Request.
  Time since last request: 5.138247 seconds.
  path: Assets/Scripts/PlayerController.cs
  artifactKey: Guid(a0abdd56738e346f2a12bcb9f113739b) Importer(815301076,1909f56bfc062723c751e8b465ee728b)
Start importing Assets/Scripts/PlayerController.cs using Guid(a0abdd56738e346f2a12bcb9f113739b) Importer(815301076,1909f56bfc062723c751e8b465ee728b) (PreviewImporter) -> (artifact id: '125c88863411d622f84406113b929e4f') in 0.002929917 seconds
Number of updated asset objects reloaded before import = 0Number of asset objects unloaded after import = 0

========================================================================
Received Import Request.
  Time since last request: 0.010398 seconds.
  path: Assets/Scripts/PlayerController.cs
  artifactKey: Guid(a0abdd56738e346f2a12bcb9f113739b) Importer(2089858483,b0f066a214c2f5e87bad3c948f4d605d)
Start importing Assets/Scripts/PlayerController.cs using Guid(a0abdd56738e346f2a12bcb9f113739b) Importer(2089858483,b0f066a214c2f5e87bad3c948f4d605d) (ScriptedImporter) -> (artifact id: '096860e676edf00acdd7426bff72d8c4') in 0.010795791 seconds
Number of updated asset objects reloaded before import = 0Number of asset objects unloaded after import = 0

========================================================================
Received Prepare
Begin MonoManager ReloadAssembly
Thread 0x16bec3000 may have been prematurely finalized
- Loaded All Assemblies, in  0.654 seconds
Refreshing native plugins compatible for Editor in 0.28 ms, found 1 plugins.
Native extension for WindowsStandalone target not found
Native extension for OSXStandalone target not found
Native extension for WebGL target not found
[Package Manager] Failed to launch server process. Reason: Unity was launched with the -noUpm command-line argument
[Package Manager] Unable to send message (not connected to server process).
[Package Manager] Cannot connect to Unity Package Manager local server
ScheduleIndexationOnStartup MainProcess:False IndexOnStartup:True
Mono: successfully reloaded assembly
- Finished resetting the current domain, in  0.728 seconds
Domain Reload Profiling: 1386ms
	BeginReloadAssembly (197ms)
		ExecutionOrderSort (0ms)
		DisableScriptedObjects (8ms)
		BackupInstance (0ms)
		ReleaseScriptingObjects (1ms)
		CreateAndSetChildDomain (67ms)
	RebuildCommonClasses (34ms)
	RebuildNativeTypeToScriptingClass (12ms)
	initialDomainReloadingComplete (18ms)
	LoadAllAssembliesAndSetupDomain (397ms)
		LoadAssemblies (293ms)
		RebuildTransferFunctionScriptingTraits (0ms)
		AnalyzeDomain (162ms)
			TypeCache.Refresh (18ms)
				TypeCache.ScanAssembly (0ms)
			BuildScriptInfoCaches (133ms)
			ResolveRequiredComponents (7ms)
	FinalizeReload (729ms)
		ReleaseScriptCaches (0ms)
		RebuildScriptCaches (0ms)
		SetupLoadedEditorAssemblies (617ms)
			LogAssemblyErrors (0ms)
			InitializePlatformSupportModulesInManaged (2ms)
			SetLoadedEditorAssemblies (5ms)
			BeforeProcessingInitializeOnLoad (181ms)
			ProcessInitializeOnLoadAttributes (374ms)
			ProcessInitializeOnLoadMethodAttributes (54ms)
			AfterProcessingInitializeOnLoad (1ms)
			EditorAssembliesLoaded (0ms)
		ExecutionOrderSort2 (0ms)
		AwakeInstancesAfterBackupRestoration (9ms)
WARNING: Shader Unsupported: 'Universal Render Pipeline/VR/SpatialMapping/Wireframe' - All subshaders removed
WARNING: Shader Did you use #pragma only_renderers and omit this platform?
WARNING: Shader If subshaders removal was intentional, you may have forgotten turning Fallback off?
WARNING: Shader Unsupported: 'Universal Render Pipeline/VR/SpatialMapping/Wireframe' - All subshaders removed
WARNING: Shader Did you use #pragma only_renderers and omit this platform?
WARNING: Shader If subshaders removal was intentional, you may have forgotten turning Fallback off?
Refreshing native plugins compatible for Editor in 0.34 ms, found 1 plugins.
Preloading 0 native plugins for Editor in 0.00 ms.
Unloading 17 Unused Serialized files (Serialized files now loaded: 0)
Unloading 6182 unused Assets / (3.9 MB). Loaded Objects now: 7118.
Memory consumption went from 167.5 MB to 163.6 MB.
Total: 6.964292 ms (FindLiveObjects: 0.459708 ms CreateObjectMapping: 0.202542 ms MarkObjects: 4.821166 ms  DeleteObjects: 1.480500 ms)

Prepare: number of updated asset objects reloaded= 0
========================================================================
Received Prepare
Begin MonoManager ReloadAssembly
[Licensing::Client] Successfully resolved entitlement details
Thread 0x16bec3000 may have been prematurely finalized
- Loaded All Assemblies, in  0.972 seconds
Refreshing native plugins compatible for Editor in 0.26 ms, found 1 plugins.
Native extension for WindowsStandalone target not found
Native extension for OSXStandalone target not found
Native extension for WebGL target not found
[Package Manager] Failed to launch server process. Reason: Unity was launched with the -noUpm command-line argument
[Package Manager] Unable to send message (not connected to server process).
[Package Manager] Cannot connect to Unity Package Manager local server
ScheduleIndexationOnStartup MainProcess:False IndexOnStartup:True
Mono: successfully reloaded assembly
- Finished resetting the current domain, in  0.644 seconds
Domain Reload Profiling: 1625ms
	BeginReloadAssembly (288ms)
		ExecutionOrderSort (0ms)
		DisableScriptedObjects (15ms)
		BackupInstance (0ms)
		ReleaseScriptingObjects (0ms)
		CreateAndSetChildDomain (77ms)
	RebuildCommonClasses (31ms)
	RebuildNativeTypeToScriptingClass (12ms)
	initialDomainReloadingComplete (29ms)
	LoadAllAssembliesAndSetupDomain (620ms)
		LoadAssemblies (551ms)
		RebuildTransferFunctionScriptingTraits (0ms)
		AnalyzeDomain (180ms)
			TypeCache.Refresh (32ms)
				TypeCache.ScanAssembly (0ms)
			BuildScriptInfoCaches (134ms)
			ResolveRequiredComponents (11ms)
	FinalizeReload (645ms)
		ReleaseScriptCaches (0ms)
		RebuildScriptCaches (0ms)
		SetupLoadedEditorAssemblies (462ms)
			LogAssemblyErrors (0ms)
			InitializePlatformSupportModulesInManaged (3ms)
			SetLoadedEditorAssemblies (6ms)
			BeforeProcessingInitializeOnLoad (163ms)
			ProcessInitializeOnLoadAttributes (237ms)
			ProcessInitializeOnLoadMethodAttributes (51ms)
			AfterProcessingInitializeOnLoad (1ms)
			EditorAssembliesLoaded (1ms)
		ExecutionOrderSort2 (0ms)
		AwakeInstancesAfterBackupRestoration (11ms)
WARNING: Shader Unsupported: 'Universal Render Pipeline/VR/SpatialMapping/Wireframe' - All subshaders removed
WARNING: Shader Did you use #pragma only_renderers and omit this platform?
WARNING: Shader If subshaders removal was intentional, you may have forgotten turning Fallback off?
WARNING: Shader Unsupported: 'Universal Render Pipeline/VR/SpatialMapping/Wireframe' - All subshaders removed
WARNING: Shader Did you use #pragma only_renderers and omit this platform?
WARNING: Shader If subshaders removal was intentional, you may have forgotten turning Fallback off?
Refreshing native plugins compatible for Editor in 0.31 ms, found 1 plugins.
Preloading 0 native plugins for Editor in 0.00 ms.
Unloading 17 Unused Serialized files (Serialized files now loaded: 0)
Unloading 6182 unused Assets / (3.0 MB). Loaded Objects now: 7121.
Memory consumption went from 166.9 MB to 164.0 MB.
Total: 8.239916 ms (FindLiveObjects: 0.671250 ms CreateObjectMapping: 0.271750 ms MarkObjects: 5.628042 ms  DeleteObjects: 1.668417 ms)

Prepare: number of updated asset objects reloaded= 0
========================================================================
Received Prepare
Begin MonoManager ReloadAssembly
Thread 0x16bec3000 may have been prematurely finalized
- Loaded All Assemblies, in  0.574 seconds
Refreshing native plugins compatible for Editor in 0.26 ms, found 1 plugins.
Native extension for WindowsStandalone target not found
Native extension for OSXStandalone target not found
Native extension for WebGL target not found
[Package Manager] Failed to launch server process. Reason: Unity was launched with the -noUpm command-line argument
[Package Manager] Unable to send message (not connected to server process).
[Package Manager] Cannot connect to Unity Package Manager local server
ScheduleIndexationOnStartup MainProcess:False IndexOnStartup:True
Mono: successfully reloaded assembly
- Finished resetting the current domain, in  0.544 seconds
Domain Reload Profiling: 1121ms
	BeginReloadAssembly (182ms)
		ExecutionOrderSort (0ms)
		DisableScriptedObjects (7ms)
		BackupInstance (0ms)
		ReleaseScriptingObjects (0ms)
		CreateAndSetChildDomain (60ms)
	RebuildCommonClasses (28ms)
	RebuildNativeTypeToScriptingClass (11ms)
	initialDomainReloadingComplete (18ms)
	LoadAllAssembliesAndSetupDomain (337ms)
		LoadAssemblies (243ms)
		RebuildTransferFunctionScriptingTraits (0ms)
		AnalyzeDomain (148ms)
			TypeCache.Refresh (11ms)
				TypeCache.ScanAssembly (0ms)
			BuildScriptInfoCaches (127ms)
			ResolveRequiredComponents (7ms)
	FinalizeReload (545ms)
		ReleaseScriptCaches (0ms)
		RebuildScriptCaches (0ms)
		SetupLoadedEditorAssemblies (425ms)
			LogAssemblyErrors (0ms)
			InitializePlatformSupportModulesInManaged (2ms)
			SetLoadedEditorAssemblies (3ms)
			BeforeProcessingInitializeOnLoad (115ms)
			ProcessInitializeOnLoadAttributes (246ms)
			ProcessInitializeOnLoadMethodAttributes (55ms)
			AfterProcessingInitializeOnLoad (1ms)
			EditorAssembliesLoaded (1ms)
		ExecutionOrderSort2 (0ms)
		AwakeInstancesAfterBackupRestoration (12ms)
WARNING: Shader Unsupported: 'Universal Render Pipeline/VR/SpatialMapping/Wireframe' - All subshaders removed
WARNING: Shader Did you use #pragma only_renderers and omit this platform?
WARNING: Shader If subshaders removal was intentional, you may have forgotten turning Fallback off?
WARNING: Shader Unsupported: 'Universal Render Pipeline/VR/SpatialMapping/Wireframe' - All subshaders removed
WARNING: Shader Did you use #pragma only_renderers and omit this platform?
WARNING: Shader If subshaders removal was intentional, you may have forgotten turning Fallback off?
Refreshing native plugins compatible for Editor in 0.39 ms, found 1 plugins.
Preloading 0 native plugins for Editor in 0.00 ms.
Unloading 17 Unused Serialized files (Serialized files now loaded: 0)
Unloading 6182 unused Assets / (3.5 MB). Loaded Objects now: 7124.
Memory consumption went from 166.3 MB to 162.8 MB.
Total: 9.780333 ms (FindLiveObjects: 0.414958 ms CreateObjectMapping: 0.256584 ms MarkObjects: 6.151125 ms  DeleteObjects: 2.957167 ms)

Prepare: number of updated asset objects reloaded= 0
========================================================================
Received Prepare
Begin MonoManager ReloadAssembly
[Licensing::Client] Successfully resolved entitlement details
Thread 0x16bec3000 may have been prematurely finalized
- Loaded All Assemblies, in  0.558 seconds
Refreshing native plugins compatible for Editor in 0.33 ms, found 1 plugins.
Native extension for WindowsStandalone target not found
Native extension for OSXStandalone target not found
Native extension for WebGL target not found
[Package Manager] Failed to launch server process. Reason: Unity was launched with the -noUpm command-line argument
[Package Manager] Unable to send message (not connected to server process).
[Package Manager] Cannot connect to Unity Package Manager local server
ScheduleIndexationOnStartup MainProcess:False IndexOnStartup:True
Mono: successfully reloaded assembly
- Finished resetting the current domain, in  0.601 seconds
Domain Reload Profiling: 1161ms
	BeginReloadAssembly (181ms)
		ExecutionOrderSort (0ms)
		DisableScriptedObjects (8ms)
		BackupInstance (0ms)
		ReleaseScriptingObjects (0ms)
		CreateAndSetChildDomain (60ms)
	RebuildCommonClasses (28ms)
	RebuildNativeTypeToScriptingClass (11ms)
	initialDomainReloadingComplete (20ms)
	LoadAllAssembliesAndSetupDomain (320ms)
		LoadAssemblies (239ms)
		RebuildTransferFunctionScriptingTraits (0ms)
		AnalyzeDomain (135ms)
			TypeCache.Refresh (12ms)
				TypeCache.ScanAssembly (0ms)
			BuildScriptInfoCaches (114ms)
			ResolveRequiredComponents (7ms)
	FinalizeReload (601ms)
		ReleaseScriptCaches (0ms)
		RebuildScriptCaches (0ms)
		SetupLoadedEditorAssemblies (479ms)
			LogAssemblyErrors (0ms)
			InitializePlatformSupportModulesInManaged (2ms)
			SetLoadedEditorAssemblies (3ms)
			BeforeProcessingInitializeOnLoad (145ms)
			ProcessInitializeOnLoadAttributes (279ms)
			ProcessInitializeOnLoadMethodAttributes (49ms)
			AfterProcessingInitializeOnLoad (1ms)
			EditorAssembliesLoaded (0ms)
		ExecutionOrderSort2 (0ms)
		AwakeInstancesAfterBackupRestoration (11ms)
WARNING: Shader Unsupported: 'Universal Render Pipeline/VR/SpatialMapping/Wireframe' - All subshaders removed
WARNING: Shader Did you use #pragma only_renderers and omit this platform?
WARNING: Shader If subshaders removal was intentional, you may have forgotten turning Fallback off?
WARNING: Shader Unsupported: 'Universal Render Pipeline/VR/SpatialMapping/Wireframe' - All subshaders removed
WARNING: Shader Did you use #pragma only_renderers and omit this platform?
WARNING: Shader If subshaders removal was intentional, you may have forgotten turning Fallback off?
Refreshing native plugins compatible for Editor in 0.36 ms, found 1 plugins.
Preloading 0 native plugins for Editor in 0.00 ms.
Unloading 17 Unused Serialized files (Serialized files now loaded: 0)
Unloading 6182 unused Assets / (3.6 MB). Loaded Objects now: 7127.
Memory consumption went from 165.7 MB to 162.1 MB.
Total: 8.530333 ms (FindLiveObjects: 0.487875 ms CreateObjectMapping: 0.254750 ms MarkObjects: 6.142083 ms  DeleteObjects: 1.645167 ms)

Prepare: number of updated asset objects reloaded= 0
========================================================================
Received Import Request.
  Time since last request: 245.045424 seconds.
  path: Assets/Scripts/PlayerController.cs
  artifactKey: Guid(a0abdd56738e346f2a12bcb9f113739b) Importer(2089858483,b0f066a214c2f5e87bad3c948f4d605d)
Start importing Assets/Scripts/PlayerController.cs using Guid(a0abdd56738e346f2a12bcb9f113739b) Importer(2089858483,b0f066a214c2f5e87bad3c948f4d605d) (ScriptedImporter) -> (artifact id: '680b87bc9a08a2a0cf08cc81ada6b52f') in 0.110025041 seconds
Number of updated asset objects reloaded before import = 0Number of asset objects unloaded after import = 0

========================================================================
Received Prepare
WARNING: Shader Unsupported: 'Universal Render Pipeline/VR/SpatialMapping/Wireframe' - All subshaders removed
WARNING: Shader Did you use #pragma only_renderers and omit this platform?
WARNING: Shader If subshaders removal was intentional, you may have forgotten turning Fallback off?
WARNING: Shader Unsupported: 'Universal Render Pipeline/VR/SpatialMapping/Wireframe' - All subshaders removed
WARNING: Shader Did you use #pragma only_renderers and omit this platform?
WARNING: Shader If subshaders removal was intentional, you may have forgotten turning Fallback off?
Refreshing native plugins compatible for Editor in 0.44 ms, found 1 plugins.
Preloading 0 native plugins for Editor in 0.00 ms.
Unloading 17 Unused Serialized files (Serialized files now loaded: 0)
Unloading 6177 unused Assets / (2.7 MB). Loaded Objects now: 7128.
Memory consumption went from 155.9 MB to 153.2 MB.
Total: 11.713833 ms (FindLiveObjects: 0.500542 ms CreateObjectMapping: 0.232542 ms MarkObjects: 9.187291 ms  DeleteObjects: 1.793166 ms)

Prepare: number of updated asset objects reloaded= 0
========================================================================
Received Import Request.
  Time since last request: 2.439579 seconds.
  path: Assets/Scripts/Coin.cs
  artifactKey: Guid(6e4f0aad9e14b4b7da87c11f7473108d) Importer(815301076,1909f56bfc062723c751e8b465ee728b)
Start importing Assets/Scripts/Coin.cs using Guid(6e4f0aad9e14b4b7da87c11f7473108d) Importer(815301076,1909f56bfc062723c751e8b465ee728b) (PreviewImporter) -> (artifact id: '8b660eb2ec669d19bde0e68d7fd607f5') in 0.013117292 seconds
Number of updated asset objects reloaded before import = 0Number of asset objects unloaded after import = 0

========================================================================
Received Import Request.
  Time since last request: 0.005706 seconds.
  path: Assets/Scripts/Coin.cs
  artifactKey: Guid(6e4f0aad9e14b4b7da87c11f7473108d) Importer(2089858483,b0f066a214c2f5e87bad3c948f4d605d)
Start importing Assets/Scripts/Coin.cs using Guid(6e4f0aad9e14b4b7da87c11f7473108d) Importer(2089858483,b0f066a214c2f5e87bad3c948f4d605d) (ScriptedImporter) -> (artifact id: 'e880c2c986f9d2f1c92cd57aaa2f1e96') in 0.007841417 seconds
Number of updated asset objects reloaded before import = 0Number of asset objects unloaded after import = 0

========================================================================
Received Prepare
Begin MonoManager ReloadAssembly
[Licensing::Client] Successfully resolved entitlement details
Thread 0x16be37000 may have been prematurely finalized
- Loaded All Assemblies, in  0.710 seconds
Refreshing native plugins compatible for Editor in 0.27 ms, found 1 plugins.
Native extension for WindowsStandalone target not found
Native extension for OSXStandalone target not found
Native extension for WebGL target not found
[Package Manager] Failed to launch server process. Reason: Unity was launched with the -noUpm command-line argument
[Package Manager] Unable to send message (not connected to server process).
[Package Manager] Cannot connect to Unity Package Manager local server
ScheduleIndexationOnStartup MainProcess:False IndexOnStartup:True
Mono: successfully reloaded assembly
- Finished resetting the current domain, in  0.645 seconds
Domain Reload Profiling: 1358ms
	BeginReloadAssembly (228ms)
		ExecutionOrderSort (0ms)
		DisableScriptedObjects (10ms)
		BackupInstance (0ms)
		ReleaseScriptingObjects (0ms)
		CreateAndSetChildDomain (78ms)
	RebuildCommonClasses (30ms)
	RebuildNativeTypeToScriptingClass (14ms)
	initialDomainReloadingComplete (32ms)
	LoadAllAssembliesAndSetupDomain (409ms)
		LoadAssemblies (306ms)
		RebuildTransferFunctionScriptingTraits (0ms)
		AnalyzeDomain (168ms)
			TypeCache.Refresh (16ms)
				TypeCache.ScanAssembly (0ms)
			BuildScriptInfoCaches (140ms)
			ResolveRequiredComponents (8ms)
	FinalizeReload (645ms)
		ReleaseScriptCaches (0ms)
		RebuildScriptCaches (0ms)
		SetupLoadedEditorAssemblies (465ms)
			LogAssemblyErrors (0ms)
			InitializePlatformSupportModulesInManaged (3ms)
			SetLoadedEditorAssemblies (5ms)
			BeforeProcessingInitializeOnLoad (164ms)
			ProcessInitializeOnLoadAttributes (251ms)
			ProcessInitializeOnLoadMethodAttributes (42ms)
			AfterProcessingInitializeOnLoad (1ms)
			EditorAssembliesLoaded (0ms)
		ExecutionOrderSort2 (0ms)
		AwakeInstancesAfterBackupRestoration (8ms)
WARNING: Shader Unsupported: 'Universal Render Pipeline/VR/SpatialMapping/Wireframe' - All subshaders removed
WARNING: Shader Did you use #pragma only_renderers and omit this platform?
WARNING: Shader If subshaders removal was intentional, you may have forgotten turning Fallback off?
WARNING: Shader Unsupported: 'Universal Render Pipeline/VR/SpatialMapping/Wireframe' - All subshaders removed
WARNING: Shader Did you use #pragma only_renderers and omit this platform?
WARNING: Shader If subshaders removal was intentional, you may have forgotten turning Fallback off?
Refreshing native plugins compatible for Editor in 0.42 ms, found 1 plugins.
Preloading 0 native plugins for Editor in 0.00 ms.
Unloading 17 Unused Serialized files (Serialized files now loaded: 0)
Unloading 6183 unused Assets / (3.1 MB). Loaded Objects now: 7131.
Memory consumption went from 163.3 MB to 160.3 MB.
Total: 8.414417 ms (FindLiveObjects: 0.659792 ms CreateObjectMapping: 0.213750 ms MarkObjects: 5.687542 ms  DeleteObjects: 1.852791 ms)

Prepare: number of updated asset objects reloaded= 0
========================================================================
Received Import Request.
  Time since last request: 7.144018 seconds.
  path: Assets/Prefab/Character Controller.prefab
  artifactKey: Guid(72692fb62287a4270a1f42b60ff36925) Importer(815301076,1909f56bfc062723c751e8b465ee728b)
Start importing Assets/Prefab/Character Controller.prefab using Guid(72692fb62287a4270a1f42b60ff36925) Importer(815301076,1909f56bfc062723c751e8b465ee728b) (PreviewImporter) -> (artifact id: '95afca111dea9496624124d78e4ce3de') in 0.359700208 seconds
Number of updated asset objects reloaded before import = 0Number of asset objects unloaded after import = 14

========================================================================
Received Import Request.
  Time since last request: 2.372300 seconds.
  path: Assets/Prefab/Coin.prefab
  artifactKey: Guid(07d366ff2f2d245c9ba361cc7638e5b3) Importer(815301076,1909f56bfc062723c751e8b465ee728b)
Start importing Assets/Prefab/Coin.prefab using Guid(07d366ff2f2d245c9ba361cc7638e5b3) Importer(815301076,1909f56bfc062723c751e8b465ee728b) (PreviewImporter) -> (artifact id: 'd4835e53b455c084bd541a8482da574b') in 0.022105583 seconds
Number of updated asset objects reloaded before import = 0Number of asset objects unloaded after import = 7

========================================================================
Received Import Request.
  Time since last request: 13.637140 seconds.
  path: Assets/Prefab/Coin.prefab
  artifactKey: Guid(07d366ff2f2d245c9ba361cc7638e5b3) Importer(815301076,1909f56bfc062723c751e8b465ee728b)
Start importing Assets/Prefab/Coin.prefab using Guid(07d366ff2f2d245c9ba361cc7638e5b3) Importer(815301076,1909f56bfc062723c751e8b465ee728b) (PreviewImporter) -> (artifact id: 'f44064cb19afb42e8149f51617e94f18') in 0.030007125 seconds
Number of updated asset objects reloaded before import = 0Number of asset objects unloaded after import = 8

========================================================================
Received Prepare
WARNING: Shader Unsupported: 'Universal Render Pipeline/VR/SpatialMapping/Wireframe' - All subshaders removed
WARNING: Shader Did you use #pragma only_renderers and omit this platform?
WARNING: Shader If subshaders removal was intentional, you may have forgotten turning Fallback off?
WARNING: Shader Unsupported: 'Universal Render Pipeline/VR/SpatialMapping/Wireframe' - All subshaders removed
WARNING: Shader Did you use #pragma only_renderers and omit this platform?
WARNING: Shader If subshaders removal was intentional, you may have forgotten turning Fallback off?
Refreshing native plugins compatible for Editor in 0.55 ms, found 1 plugins.
Preloading 0 native plugins for Editor in 0.00 ms.
Unloading 17 Unused Serialized files (Serialized files now loaded: 0)
Unloading 6177 unused Assets / (3.1 MB). Loaded Objects now: 7244.
Memory consumption went from 162.7 MB to 159.6 MB.
Total: 187.601667 ms (FindLiveObjects: 4.474458 ms CreateObjectMapping: 0.770958 ms MarkObjects: 173.386375 ms  DeleteObjects: 8.966541 ms)

Prepare: number of updated asset objects reloaded= 0
========================================================================
Received Prepare
Begin MonoManager ReloadAssembly
[Licensing::Client] Successfully resolved entitlement details
Thread 0x16be37000 may have been prematurely finalized
- Loaded All Assemblies, in  2.013 seconds
Refreshing native plugins compatible for Editor in 0.58 ms, found 1 plugins.
Native extension for WindowsStandalone target not found
Native extension for OSXStandalone target not found
Native extension for WebGL target not found
[Package Manager] Failed to launch server process. Reason: Unity was launched with the -noUpm command-line argument
[Package Manager] Unable to send message (not connected to server process).
[Package Manager] Cannot connect to Unity Package Manager local server
ScheduleIndexationOnStartup MainProcess:False IndexOnStartup:True
Mono: successfully reloaded assembly
- Finished resetting the current domain, in  0.768 seconds
Domain Reload Profiling: 2789ms
	BeginReloadAssembly (994ms)
		ExecutionOrderSort (0ms)
		DisableScriptedObjects (160ms)
		BackupInstance (0ms)
		ReleaseScriptingObjects (1ms)
		CreateAndSetChildDomain (258ms)
	RebuildCommonClasses (39ms)
	RebuildNativeTypeToScriptingClass (18ms)
	initialDomainReloadingComplete (66ms)
	LoadAllAssembliesAndSetupDomain (903ms)
		LoadAssemblies (960ms)
		RebuildTransferFunctionScriptingTraits (0ms)
		AnalyzeDomain (317ms)
			TypeCache.Refresh (44ms)
				TypeCache.ScanAssembly (1ms)
			BuildScriptInfoCaches (252ms)
			ResolveRequiredComponents (14ms)
	FinalizeReload (769ms)
		ReleaseScriptCaches (0ms)
		RebuildScriptCaches (0ms)
		SetupLoadedEditorAssemblies (614ms)
			LogAssemblyErrors (0ms)
			InitializePlatformSupportModulesInManaged (2ms)
			SetLoadedEditorAssemblies (4ms)
			BeforeProcessingInitializeOnLoad (182ms)
			ProcessInitializeOnLoadAttributes (355ms)
			ProcessInitializeOnLoadMethodAttributes (69ms)
			AfterProcessingInitializeOnLoad (1ms)
			EditorAssembliesLoaded (0ms)
		ExecutionOrderSort2 (0ms)
		AwakeInstancesAfterBackupRestoration (12ms)
WARNING: Shader Unsupported: 'Universal Render Pipeline/VR/SpatialMapping/Wireframe' - All subshaders removed
WARNING: Shader Did you use #pragma only_renderers and omit this platform?
WARNING: Shader If subshaders removal was intentional, you may have forgotten turning Fallback off?
WARNING: Shader Unsupported: 'Universal Render Pipeline/VR/SpatialMapping/Wireframe' - All subshaders removed
WARNING: Shader Did you use #pragma only_renderers and omit this platform?
WARNING: Shader If subshaders removal was intentional, you may have forgotten turning Fallback off?
Refreshing native plugins compatible for Editor in 0.49 ms, found 1 plugins.
Preloading 0 native plugins for Editor in 0.00 ms.
Unloading 17 Unused Serialized files (Serialized files now loaded: 0)
Unloading 6183 unused Assets / (4.8 MB). Loaded Objects now: 7155.
Memory consumption went from 165.5 MB to 160.6 MB.
Total: 12.129792 ms (FindLiveObjects: 0.627541 ms CreateObjectMapping: 0.452667 ms MarkObjects: 6.673750 ms  DeleteObjects: 4.374959 ms)

Prepare: number of updated asset objects reloaded= 0
========================================================================
Received Import Request.
  Time since last request: 81.521087 seconds.
  path: Assets/Scripts/Coin.cs
  artifactKey: Guid(6e4f0aad9e14b4b7da87c11f7473108d) Importer(815301076,1909f56bfc062723c751e8b465ee728b)
Start importing Assets/Scripts/Coin.cs using Guid(6e4f0aad9e14b4b7da87c11f7473108d) Importer(815301076,1909f56bfc062723c751e8b465ee728b) (PreviewImporter) -> (artifact id: 'b90aeea22c45d3b279a5ee2d39d5389d') in 0.005194875 seconds
Number of updated asset objects reloaded before import = 0Number of asset objects unloaded after import = 0

========================================================================
Received Import Request.
  Time since last request: 2.035890 seconds.
  path: Assets/Prefab/Coin.prefab
  artifactKey: Guid(07d366ff2f2d245c9ba361cc7638e5b3) Importer(815301076,1909f56bfc062723c751e8b465ee728b)
Start importing Assets/Prefab/Coin.prefab using Guid(07d366ff2f2d245c9ba361cc7638e5b3) Importer(815301076,1909f56bfc062723c751e8b465ee728b) (PreviewImporter) -> (artifact id: '592e2afe1a9d73108afff3455eb34639') in 0.438137292 seconds
Number of updated asset objects reloaded before import = 0Number of asset objects unloaded after import = 8

========================================================================
Received Prepare
Begin MonoManager ReloadAssembly
[Licensing::Client] Successfully resolved entitlement details
Thread 0x16be37000 may have been prematurely finalized
- Loaded All Assemblies, in  1.003 seconds
Refreshing native plugins compatible for Editor in 0.25 ms, found 1 plugins.
Native extension for WindowsStandalone target not found
Native extension for OSXStandalone target not found
Native extension for WebGL target not found
[Package Manager] Failed to launch server process. Reason: Unity was launched with the -noUpm command-line argument
[Package Manager] Unable to send message (not connected to server process).
[Package Manager] Cannot connect to Unity Package Manager local server
ScheduleIndexationOnStartup MainProcess:False IndexOnStartup:True
Mono: successfully reloaded assembly
- Finished resetting the current domain, in  0.709 seconds
Domain Reload Profiling: 1719ms
	BeginReloadAssembly (383ms)
		ExecutionOrderSort (0ms)
		DisableScriptedObjects (61ms)
		BackupInstance (0ms)
		ReleaseScriptingObjects (0ms)
		CreateAndSetChildDomain (87ms)
	RebuildCommonClasses (33ms)
	RebuildNativeTypeToScriptingClass (14ms)
	initialDomainReloadingComplete (32ms)
	LoadAllAssembliesAndSetupDomain (548ms)
		LoadAssemblies (418ms)
		RebuildTransferFunctionScriptingTraits (0ms)
		AnalyzeDomain (268ms)
			TypeCache.Refresh (28ms)
				TypeCache.ScanAssembly (0ms)
			BuildScriptInfoCaches (212ms)
			ResolveRequiredComponents (21ms)
	FinalizeReload (710ms)
		ReleaseScriptCaches (0ms)
		RebuildScriptCaches (0ms)
		SetupLoadedEditorAssemblies (528ms)
			LogAssemblyErrors (0ms)
			InitializePlatformSupportModulesInManaged (4ms)
			SetLoadedEditorAssemblies (8ms)
			BeforeProcessingInitializeOnLoad (170ms)
			ProcessInitializeOnLoadAttributes (291ms)
			ProcessInitializeOnLoadMethodAttributes (52ms)
			AfterProcessingInitializeOnLoad (1ms)
			EditorAssembliesLoaded (1ms)
		ExecutionOrderSort2 (0ms)
		AwakeInstancesAfterBackupRestoration (11ms)
WARNING: Shader Unsupported: 'Universal Render Pipeline/VR/SpatialMapping/Wireframe' - All subshaders removed
WARNING: Shader Did you use #pragma only_renderers and omit this platform?
WARNING: Shader If subshaders removal was intentional, you may have forgotten turning Fallback off?
WARNING: Shader Unsupported: 'Universal Render Pipeline/VR/SpatialMapping/Wireframe' - All subshaders removed
WARNING: Shader Did you use #pragma only_renderers and omit this platform?
WARNING: Shader If subshaders removal was intentional, you may have forgotten turning Fallback off?
Refreshing native plugins compatible for Editor in 0.45 ms, found 1 plugins.
Preloading 0 native plugins for Editor in 0.00 ms.
Unloading 17 Unused Serialized files (Serialized files now loaded: 0)
Unloading 6183 unused Assets / (6.6 MB). Loaded Objects now: 7178.
Memory consumption went from 169.8 MB to 163.2 MB.
Total: 20.639250 ms (FindLiveObjects: 0.702208 ms CreateObjectMapping: 0.439750 ms MarkObjects: 14.181708 ms  DeleteObjects: 5.315084 ms)

Prepare: number of updated asset objects reloaded= 0
========================================================================
Received Prepare
Begin MonoManager ReloadAssembly
Thread 0x16be37000 may have been prematurely finalized
- Loaded All Assemblies, in  0.745 seconds
Refreshing native plugins compatible for Editor in 0.53 ms, found 1 plugins.
Native extension for WindowsStandalone target not found
Native extension for OSXStandalone target not found
Native extension for WebGL target not found
[Package Manager] Failed to launch server process. Reason: Unity was launched with the -noUpm command-line argument
[Package Manager] Unable to send message (not connected to server process).
[Package Manager] Cannot connect to Unity Package Manager local server
ScheduleIndexationOnStartup MainProcess:False IndexOnStartup:True
Mono: successfully reloaded assembly
- Finished resetting the current domain, in  0.698 seconds
Domain Reload Profiling: 1447ms
	BeginReloadAssembly (217ms)
		ExecutionOrderSort (0ms)
		DisableScriptedObjects (9ms)
		BackupInstance (0ms)
		ReleaseScriptingObjects (0ms)
		CreateAndSetChildDomain (77ms)
	RebuildCommonClasses (30ms)
	RebuildNativeTypeToScriptingClass (16ms)
	initialDomainReloadingComplete (25ms)
	LoadAllAssembliesAndSetupDomain (461ms)
		LoadAssemblies (305ms)
		RebuildTransferFunctionScriptingTraits (0ms)
		AnalyzeDomain (214ms)
			TypeCache.Refresh (27ms)
				TypeCache.ScanAssembly (0ms)
			BuildScriptInfoCaches (174ms)
			ResolveRequiredComponents (10ms)
	FinalizeReload (699ms)
		ReleaseScriptCaches (0ms)
		RebuildScriptCaches (0ms)
		SetupLoadedEditorAssemblies (529ms)
			LogAssemblyErrors (0ms)
			InitializePlatformSupportModulesInManaged (2ms)
			SetLoadedEditorAssemblies (7ms)
			BeforeProcessingInitializeOnLoad (135ms)
			ProcessInitializeOnLoadAttributes (295ms)
			ProcessInitializeOnLoadMethodAttributes (89ms)
			AfterProcessingInitializeOnLoad (1ms)
			EditorAssembliesLoaded (0ms)
		ExecutionOrderSort2 (0ms)
		AwakeInstancesAfterBackupRestoration (11ms)
WARNING: Shader Unsupported: 'Universal Render Pipeline/VR/SpatialMapping/Wireframe' - All subshaders removed
WARNING: Shader Did you use #pragma only_renderers and omit this platform?
WARNING: Shader If subshaders removal was intentional, you may have forgotten turning Fallback off?
WARNING: Shader Unsupported: 'Universal Render Pipeline/VR/SpatialMapping/Wireframe' - All subshaders removed
WARNING: Shader Did you use #pragma only_renderers and omit this platform?
WARNING: Shader If subshaders removal was intentional, you may have forgotten turning Fallback off?
Refreshing native plugins compatible for Editor in 0.56 ms, found 1 plugins.
Preloading 0 native plugins for Editor in 0.00 ms.
Unloading 17 Unused Serialized files (Serialized files now loaded: 0)
Unloading 6183 unused Assets / (3.9 MB). Loaded Objects now: 7181.
Memory consumption went from 169.1 MB to 165.1 MB.
Total: 15.070291 ms (FindLiveObjects: 0.512333 ms CreateObjectMapping: 0.452584 ms MarkObjects: 11.404750 ms  DeleteObjects: 2.700208 ms)

Prepare: number of updated asset objects reloaded= 0
========================================================================
Received Import Request.
  Time since last request: 108.640051 seconds.
  path: Assets/Prefab/Coin.prefab
  artifactKey: Guid(07d366ff2f2d245c9ba361cc7638e5b3) Importer(815301076,1909f56bfc062723c751e8b465ee728b)
Start importing Assets/Prefab/Coin.prefab using Guid(07d366ff2f2d245c9ba361cc7638e5b3) Importer(815301076,1909f56bfc062723c751e8b465ee728b) (PreviewImporter) -> (artifact id: '474d1046ea40ae4ff6cc6cbccb85bb1c') in 0.339227083 seconds
Number of updated asset objects reloaded before import = 0Number of asset objects unloaded after import = 8

========================================================================
Received Prepare
Begin MonoManager ReloadAssembly
Thread 0x16be37000 may have been prematurely finalized
- Loaded All Assemblies, in  0.696 seconds
Refreshing native plugins compatible for Editor in 0.24 ms, found 1 plugins.
Native extension for WindowsStandalone target not found
Native extension for OSXStandalone target not found
Native extension for WebGL target not found
[Package Manager] Failed to launch server process. Reason: Unity was launched with the -noUpm command-line argument
[Package Manager] Unable to send message (not connected to server process).
[Package Manager] Cannot connect to Unity Package Manager local server
ScheduleIndexationOnStartup MainProcess:False IndexOnStartup:True
Mono: successfully reloaded assembly
- Finished resetting the current domain, in  0.530 seconds
Domain Reload Profiling: 1228ms
	BeginReloadAssembly (254ms)
		ExecutionOrderSort (0ms)
		DisableScriptedObjects (36ms)
		BackupInstance (0ms)
		ReleaseScriptingObjects (0ms)
		CreateAndSetChildDomain (93ms)
	RebuildCommonClasses (34ms)
	RebuildNativeTypeToScriptingClass (15ms)
	initialDomainReloadingComplete (30ms)
	LoadAllAssembliesAndSetupDomain (366ms)
		LoadAssemblies (271ms)
		RebuildTransferFunctionScriptingTraits (0ms)
		AnalyzeDomain (154ms)
			TypeCache.Refresh (13ms)
				TypeCache.ScanAssembly (0ms)
			BuildScriptInfoCaches (132ms)
			ResolveRequiredComponents (7ms)
	FinalizeReload (530ms)
		ReleaseScriptCaches (0ms)
		RebuildScriptCaches (0ms)
		SetupLoadedEditorAssemblies (408ms)
			LogAssemblyErrors (0ms)
			InitializePlatformSupportModulesInManaged (2ms)
			SetLoadedEditorAssemblies (4ms)
			BeforeProcessingInitializeOnLoad (120ms)
			ProcessInitializeOnLoadAttributes (240ms)
			ProcessInitializeOnLoadMethodAttributes (40ms)
			AfterProcessingInitializeOnLoad (1ms)
			EditorAssembliesLoaded (0ms)
		ExecutionOrderSort2 (0ms)
		AwakeInstancesAfterBackupRestoration (10ms)
WARNING: Shader Unsupported: 'Universal Render Pipeline/VR/SpatialMapping/Wireframe' - All subshaders removed
WARNING: Shader Did you use #pragma only_renderers and omit this platform?
WARNING: Shader If subshaders removal was intentional, you may have forgotten turning Fallback off?
WARNING: Shader Unsupported: 'Universal Render Pipeline/VR/SpatialMapping/Wireframe' - All subshaders removed
WARNING: Shader Did you use #pragma only_renderers and omit this platform?
WARNING: Shader If subshaders removal was intentional, you may have forgotten turning Fallback off?
Refreshing native plugins compatible for Editor in 0.35 ms, found 1 plugins.
Preloading 0 native plugins for Editor in 0.00 ms.
Unloading 17 Unused Serialized files (Serialized files now loaded: 0)
Unloading 6183 unused Assets / (5.4 MB). Loaded Objects now: 7204.
Memory consumption went from 173.7 MB to 168.3 MB.
Total: 9.287459 ms (FindLiveObjects: 0.517834 ms CreateObjectMapping: 0.278000 ms MarkObjects: 5.656500 ms  DeleteObjects: 2.834875 ms)

Prepare: number of updated asset objects reloaded= 0
========================================================================
Received Import Request.
  Time since last request: 38.900942 seconds.
  path: Assets/Prefab/Coin.prefab
  artifactKey: Guid(07d366ff2f2d245c9ba361cc7638e5b3) Importer(815301076,1909f56bfc062723c751e8b465ee728b)
Start importing Assets/Prefab/Coin.prefab using Guid(07d366ff2f2d245c9ba361cc7638e5b3) Importer(815301076,1909f56bfc062723c751e8b465ee728b) (PreviewImporter) -> (artifact id: '0ff804e7e0c2e12578f97aa9d81161d7') in 0.307755708 seconds
Number of updated asset objects reloaded before import = 0Number of asset objects unloaded after import = 8

========================================================================
Received Import Request.
  Time since last request: 12.041960 seconds.
  path: Assets/Kenny3D/Models/FBX format/building-a.fbx
  artifactKey: Guid(c8634ede7e4cb4765837bdebb519c2ba) Importer(815301076,1909f56bfc062723c751e8b465ee728b)
Start importing Assets/Kenny3D/Models/FBX format/building-a.fbx using Guid(c8634ede7e4cb4765837bdebb519c2ba) Importer(815301076,1909f56bfc062723c751e8b465ee728b) (PreviewImporter) -> (artifact id: 'b66a0f8bbceaca472b89970b79bf467d') in 0.999676958 seconds
Number of updated asset objects reloaded before import = 0Number of asset objects unloaded after import = 9

========================================================================
Received Import Request.
  Time since last request: 0.000100 seconds.
  path: Assets/Kenny3D/Models/FBX format/building-g.fbx
  artifactKey: Guid(185d3a4233e5b4c449ebfac3fb568e34) Importer(815301076,1909f56bfc062723c751e8b465ee728b)
Start importing Assets/Kenny3D/Models/FBX format/building-g.fbx using Guid(185d3a4233e5b4c449ebfac3fb568e34) Importer(815301076,1909f56bfc062723c751e8b465ee728b) (PreviewImporter) -> (artifact id: '88fc9df05b7899554595c1d59696954e') in 0.024723792 seconds
Number of updated asset objects reloaded before import = 0Number of asset objects unloaded after import = 9

========================================================================
Received Import Request.
  Time since last request: 0.000049 seconds.
  path: Assets/Kenny3D/Models/OBJ format/building-e.obj
  artifactKey: Guid(3be4f840a39d249238e48e006a8c9168) Importer(815301076,1909f56bfc062723c751e8b465ee728b)
Start importing Assets/Kenny3D/Models/OBJ format/building-e.obj using Guid(3be4f840a39d249238e48e006a8c9168) Importer(815301076,1909f56bfc062723c751e8b465ee728b) (PreviewImporter) -> (artifact id: 'e876e89fbfa9ae4f231fdc9538b8f605') in 0.030696584 seconds
Number of updated asset objects reloaded before import = 0Number of asset objects unloaded after import = 11

========================================================================
Received Import Request.
  Time since last request: 0.000045 seconds.
  path: Assets/Kenny3D/Models/FBX format/building-b.fbx
  artifactKey: Guid(c7f439b18bbd946d09062b501707f487) Importer(815301076,1909f56bfc062723c751e8b465ee728b)
Start importing Assets/Kenny3D/Models/FBX format/building-b.fbx using Guid(c7f439b18bbd946d09062b501707f487) Importer(815301076,1909f56bfc062723c751e8b465ee728b) (PreviewImporter) -> (artifact id: '47edff0fa025490586bd26db8ca11801') in 0.01595275 seconds
Number of updated asset objects reloaded before import = 0Number of asset objects unloaded after import = 9

========================================================================
Received Import Request.
  Time since last request: 0.000071 seconds.
  path: Assets/Kenny3D/Models/OBJ format/building-d.obj
  artifactKey: Guid(9f20c9251529c4a41a5eeb174081be93) Importer(815301076,1909f56bfc062723c751e8b465ee728b)
Start importing Assets/Kenny3D/Models/OBJ format/building-d.obj using Guid(9f20c9251529c4a41a5eeb174081be93) Importer(815301076,1909f56bfc062723c751e8b465ee728b) (PreviewImporter) -> (artifact id: '7dbae73ceb2e00c101f25ccc248fd80b') in 0.01775225 seconds
Number of updated asset objects reloaded before import = 0Number of asset objects unloaded after import = 11

========================================================================
Received Import Request.
  Time since last request: 0.000040 seconds.
  path: Assets/Kenny3D/Models/OBJ format/building-c.obj
  artifactKey: Guid(cb7935798ac844544b3f6cd67439898d) Importer(815301076,1909f56bfc062723c751e8b465ee728b)
Start importing Assets/Kenny3D/Models/OBJ format/building-c.obj using Guid(cb7935798ac844544b3f6cd67439898d) Importer(815301076,1909f56bfc062723c751e8b465ee728b) (PreviewImporter) -> (artifact id: 'd0b54522a9e8091bb275432a04692b95') in 0.018967292 seconds
Number of updated asset objects reloaded before import = 0Number of asset objects unloaded after import = 11

========================================================================
Received Import Request.
  Time since last request: 0.000081 seconds.
  path: Assets/Kenny3D/Models/FBX format/building-f.fbx
  artifactKey: Guid(5e20b4c78c76a40cf917a08cb7a79b61) Importer(815301076,1909f56bfc062723c751e8b465ee728b)
Start importing Assets/Kenny3D/Models/FBX format/building-f.fbx using Guid(5e20b4c78c76a40cf917a08cb7a79b61) Importer(815301076,1909f56bfc062723c751e8b465ee728b) (PreviewImporter) -> (artifact id: '28b9ad106857c549b64142c3e6ba46b7') in 0.016834666 seconds
Number of updated asset objects reloaded before import = 0Number of asset objects unloaded after import = 9

========================================================================
Received Import Request.
  Time since last request: 0.000058 seconds.
  path: Assets/Kenny3D/Models/FBX format/building-d.fbx
  artifactKey: Guid(ce4b4d275dfe84f20a405dd45f427033) Importer(815301076,1909f56bfc062723c751e8b465ee728b)
Start importing Assets/Kenny3D/Models/FBX format/building-d.fbx using Guid(ce4b4d275dfe84f20a405dd45f427033) Importer(815301076,1909f56bfc062723c751e8b465ee728b) (PreviewImporter) -> (artifact id: '2d6e94777ef0f8f6bb936d8fc245fa54') in 0.016299666 seconds
Number of updated asset objects reloaded before import = 0Number of asset objects unloaded after import = 9

========================================================================
Received Import Request.
  Time since last request: 0.803591 seconds.
  path: Assets/Kenny3D/Models/OBJ format/building-i.obj
  artifactKey: Guid(961ad069076e1494cae0d245d43014c6) Importer(815301076,1909f56bfc062723c751e8b465ee728b)
Start importing Assets/Kenny3D/Models/OBJ format/building-i.obj using Guid(961ad069076e1494cae0d245d43014c6) Importer(815301076,1909f56bfc062723c751e8b465ee728b) (PreviewImporter) -> (artifact id: '81f24440cb52ed1f26254f19a5d3ed97') in 0.027519916 seconds
Number of updated asset objects reloaded before import = 0Number of asset objects unloaded after import = 11

========================================================================
Received Import Request.
  Time since last request: 0.000056 seconds.
  path: Assets/Kenny3D/Models/OBJ format/building-j.obj
  artifactKey: Guid(4189c1cf6bf4a4a179a6b546cc2ec6aa) Importer(815301076,1909f56bfc062723c751e8b465ee728b)
Start importing Assets/Kenny3D/Models/OBJ format/building-j.obj using Guid(4189c1cf6bf4a4a179a6b546cc2ec6aa) Importer(815301076,1909f56bfc062723c751e8b465ee728b) (PreviewImporter) -> (artifact id: '19655dfac459820ea4f4df5bd202e06b') in 0.0271675 seconds
Number of updated asset objects reloaded before import = 0Number of asset objects unloaded after import = 11

========================================================================
Received Import Request.
  Time since last request: 0.000071 seconds.
  path: Assets/Kenny3D/Models/OBJ format/building-k.obj
  artifactKey: Guid(be9b51dabe2924349be738478614620a) Importer(815301076,1909f56bfc062723c751e8b465ee728b)
Start importing Assets/Kenny3D/Models/OBJ format/building-k.obj using Guid(be9b51dabe2924349be738478614620a) Importer(815301076,1909f56bfc062723c751e8b465ee728b) (PreviewImporter) -> (artifact id: '4c300d447e734f92f929fa84ffd1bdef') in 0.025518542 seconds
Number of updated asset objects reloaded before import = 0Number of asset objects unloaded after import = 11

========================================================================
Received Import Request.
  Time since last request: 0.000056 seconds.
  path: Assets/Kenny3D/Models/FBX format/building-k.fbx
  artifactKey: Guid(11066f8f6792444b39563897cc57b99e) Importer(815301076,1909f56bfc062723c751e8b465ee728b)
Start importing Assets/Kenny3D/Models/FBX format/building-k.fbx using Guid(11066f8f6792444b39563897cc57b99e) Importer(815301076,1909f56bfc062723c751e8b465ee728b) (PreviewImporter) -> (artifact id: '36655b8c31df463a020fb8b7cd2c6ce3') in 0.019123917 seconds
Number of updated asset objects reloaded before import = 0Number of asset objects unloaded after import = 9

========================================================================
Received Import Request.
  Time since last request: 0.000107 seconds.
  path: Assets/Kenny3D/Models/FBX format/building-m.fbx
  artifactKey: Guid(d157a69180b40450c8f488bb24e32ab6) Importer(815301076,1909f56bfc062723c751e8b465ee728b)
Start importing Assets/Kenny3D/Models/FBX format/building-m.fbx using Guid(d157a69180b40450c8f488bb24e32ab6) Importer(815301076,1909f56bfc062723c751e8b465ee728b) (PreviewImporter) -> (artifact id: 'f01475f84e40dfba5e785515fe65aed0') in 0.023089875 seconds
Number of updated asset objects reloaded before import = 0Number of asset objects unloaded after import = 9

========================================================================
Received Import Request.
  Time since last request: 0.000034 seconds.
  path: Assets/Kenny3D/Models/OBJ format/building-n.obj
  artifactKey: Guid(452c9b64a87f4409585acdd8cc896fdb) Importer(815301076,1909f56bfc062723c751e8b465ee728b)
Start importing Assets/Kenny3D/Models/OBJ format/building-n.obj using Guid(452c9b64a87f4409585acdd8cc896fdb) Importer(815301076,1909f56bfc062723c751e8b465ee728b) (PreviewImporter) -> (artifact id: 'c88b6640a95a73186ea6e3b67f95905a') in 0.02698425 seconds
Number of updated asset objects reloaded before import = 0Number of asset objects unloaded after import = 11

========================================================================
Received Import Request.
  Time since last request: 0.000071 seconds.
  path: Assets/Kenny3D/Models/OBJ format/building-p.obj
  artifactKey: Guid(b5d0b9d60e885473492174feb407c4c4) Importer(815301076,1909f56bfc062723c751e8b465ee728b)
Start importing Assets/Kenny3D/Models/OBJ format/building-p.obj using Guid(b5d0b9d60e885473492174feb407c4c4) Importer(815301076,1909f56bfc062723c751e8b465ee728b) (PreviewImporter) -> (artifact id: '36d7f78d899de8a52cf6e6558ec06679') in 0.02785775 seconds
Number of updated asset objects reloaded before import = 0Number of asset objects unloaded after import = 11

========================================================================
Received Import Request.
  Time since last request: 0.000048 seconds.
  path: Assets/Kenny3D/Models/OBJ format/building-o.obj
  artifactKey: Guid(3f25ba789670d451da5585aea3cbcaa4) Importer(815301076,1909f56bfc062723c751e8b465ee728b)
Start importing Assets/Kenny3D/Models/OBJ format/building-o.obj using Guid(3f25ba789670d451da5585aea3cbcaa4) Importer(815301076,1909f56bfc062723c751e8b465ee728b) (PreviewImporter) -> (artifact id: 'db9cbe039df7c678c42acb6c2f9b673a') in 0.023707458 seconds
Number of updated asset objects reloaded before import = 0Number of asset objects unloaded after import = 11

========================================================================
Received Import Request.
  Time since last request: 0.569448 seconds.
  path: Assets/Kenny3D/Models/FBX format/building-q.fbx
  artifactKey: Guid(c6405b2d8966c410bba968fff9716451) Importer(815301076,1909f56bfc062723c751e8b465ee728b)
Start importing Assets/Kenny3D/Models/FBX format/building-q.fbx using Guid(c6405b2d8966c410bba968fff9716451) Importer(815301076,1909f56bfc062723c751e8b465ee728b) (PreviewImporter) -> (artifact id: '80fe4bb786620deebcdac83264c5f1ca') in 0.023764417 seconds
Number of updated asset objects reloaded before import = 0Number of asset objects unloaded after import = 9

========================================================================
Received Import Request.
  Time since last request: 0.000056 seconds.
  path: Assets/Kenny3D/Models/FBX format/building-r.fbx
  artifactKey: Guid(a0f023aab535a4a2fa64e9543a1dc211) Importer(815301076,1909f56bfc062723c751e8b465ee728b)
Start importing Assets/Kenny3D/Models/FBX format/building-r.fbx using Guid(a0f023aab535a4a2fa64e9543a1dc211) Importer(815301076,1909f56bfc062723c751e8b465ee728b) (PreviewImporter) -> (artifact id: '2249b1a1523cfe208a660398408eafdc') in 0.020017959 seconds
Number of updated asset objects reloaded before import = 0Number of asset objects unloaded after import = 9

========================================================================
Received Import Request.
  Time since last request: 0.000042 seconds.
  path: Assets/Kenny3D/Models/FBX format/building-s.fbx
  artifactKey: Guid(1aa7f7ce377d3429e9d6fe3caa20d2b9) Importer(815301076,1909f56bfc062723c751e8b465ee728b)
Start importing Assets/Kenny3D/Models/FBX format/building-s.fbx using Guid(1aa7f7ce377d3429e9d6fe3caa20d2b9) Importer(815301076,1909f56bfc062723c751e8b465ee728b) (PreviewImporter) -> (artifact id: '6d036dad08d6fb301deb78cb92d314a6') in 0.016844125 seconds
Number of updated asset objects reloaded before import = 0Number of asset objects unloaded after import = 9

========================================================================
Received Import Request.
  Time since last request: 0.000039 seconds.
  path: Assets/Kenny3D/Models/OBJ format/building-t.obj
  artifactKey: Guid(ba8cb97ba0bb44afb9a2d73645a2d404) Importer(815301076,1909f56bfc062723c751e8b465ee728b)
Start importing Assets/Kenny3D/Models/OBJ format/building-t.obj using Guid(ba8cb97ba0bb44afb9a2d73645a2d404) Importer(815301076,1909f56bfc062723c751e8b465ee728b) (PreviewImporter) -> (artifact id: 'aa2e02cc513429a3401d3b8a88167b92') in 0.016049208 seconds
Number of updated asset objects reloaded before import = 0Number of asset objects unloaded after import = 11

========================================================================
Received Import Request.
  Time since last request: 1.004575 seconds.
  path: Assets/Kenny3D/Models/FBX format/chimney-basic.fbx
  artifactKey: Guid(30d80372c2a824eb9923a87d33053900) Importer(815301076,1909f56bfc062723c751e8b465ee728b)
Start importing Assets/Kenny3D/Models/FBX format/chimney-basic.fbx using Guid(30d80372c2a824eb9923a87d33053900) Importer(815301076,1909f56bfc062723c751e8b465ee728b) (PreviewImporter) -> (artifact id: 'df2426380fc346a70b3cf513f1fd2eda') in 0.0226595 seconds
Number of updated asset objects reloaded before import = 0Number of asset objects unloaded after import = 9

========================================================================
Received Import Request.
  Time since last request: 0.000059 seconds.
  path: Assets/Kenny3D/Models/FBX format/chimney-medium.fbx
  artifactKey: Guid(c880e91e0eb2748a1927dd6f8d75a960) Importer(815301076,1909f56bfc062723c751e8b465ee728b)
Start importing Assets/Kenny3D/Models/FBX format/chimney-medium.fbx using Guid(c880e91e0eb2748a1927dd6f8d75a960) Importer(815301076,1909f56bfc062723c751e8b465ee728b) (PreviewImporter) -> (artifact id: 'a851782181f1fda8643fb587d66b7468') in 0.017952292 seconds
Number of updated asset objects reloaded before import = 0Number of asset objects unloaded after import = 9

========================================================================
Received Import Request.
  Time since last request: 0.000034 seconds.
  path: Assets/Kenny3D/Models/OBJ format/chimney-small.obj
  artifactKey: Guid(c71198c78450d4098bbcd8ad2af1ab47) Importer(815301076,1909f56bfc062723c751e8b465ee728b)
Start importing Assets/Kenny3D/Models/OBJ format/chimney-small.obj using Guid(c71198c78450d4098bbcd8ad2af1ab47) Importer(815301076,1909f56bfc062723c751e8b465ee728b) (PreviewImporter) -> (artifact id: '89bd9a4b6ba1b4bded66eada148e919a') in 0.021064041 seconds
Number of updated asset objects reloaded before import = 0Number of asset objects unloaded after import = 11

========================================================================
Received Import Request.
  Time since last request: 0.000059 seconds.
  path: Assets/Kenny3D/Models/FBX format/detail-tank.fbx
  artifactKey: Guid(65dcdca2fcbef41899e92903795fa244) Importer(815301076,1909f56bfc062723c751e8b465ee728b)
Start importing Assets/Kenny3D/Models/FBX format/detail-tank.fbx using Guid(65dcdca2fcbef41899e92903795fa244) Importer(815301076,1909f56bfc062723c751e8b465ee728b) (PreviewImporter) -> (artifact id: 'a519ed75d7210a16cd4e09708f287bb3') in 0.014531375 seconds
Number of updated asset objects reloaded before import = 0Number of asset objects unloaded after import = 9

========================================================================
Received Import Request.
  Time since last request: 0.000042 seconds.
  path: Assets/Kenny3D/Models/OBJ format/chimney-large.obj
  artifactKey: Guid(80c07d25391bd40e284dde5422dfcaf5) Importer(815301076,1909f56bfc062723c751e8b465ee728b)
Start importing Assets/Kenny3D/Models/OBJ format/chimney-large.obj using Guid(80c07d25391bd40e284dde5422dfcaf5) Importer(815301076,1909f56bfc062723c751e8b465ee728b) (PreviewImporter) -> (artifact id: '221929d6352b457a6b8ca71bd59e5edb') in 0.016424041 seconds
Number of updated asset objects reloaded before import = 0Number of asset objects unloaded after import = 11

========================================================================
Received Prepare
Begin MonoManager ReloadAssembly
[Licensing::Client] Successfully resolved entitlement details
Thread 0x16be37000 may have been prematurely finalized
- Loaded All Assemblies, in  1.245 seconds
Refreshing native plugins compatible for Editor in 0.62 ms, found 1 plugins.
Native extension for WindowsStandalone target not found
Native extension for OSXStandalone target not found
Native extension for WebGL target not found
[Package Manager] Failed to launch server process. Reason: Unity was launched with the -noUpm command-line argument
[Package Manager] Unable to send message (not connected to server process).
[Package Manager] Cannot connect to Unity Package Manager local server
ScheduleIndexationOnStartup MainProcess:False IndexOnStartup:True
Mono: successfully reloaded assembly
- Finished resetting the current domain, in  0.593 seconds
Domain Reload Profiling: 1846ms
	BeginReloadAssembly (362ms)
		ExecutionOrderSort (0ms)
		DisableScriptedObjects (58ms)
		BackupInstance (0ms)
		ReleaseScriptingObjects (1ms)
		CreateAndSetChildDomain (109ms)
	RebuildCommonClasses (43ms)
	RebuildNativeTypeToScriptingClass (13ms)
	initialDomainReloadingComplete (25ms)
	LoadAllAssembliesAndSetupDomain (810ms)
		LoadAssemblies (653ms)
		RebuildTransferFunctionScriptingTraits (0ms)
		AnalyzeDomain (260ms)
			TypeCache.Refresh (34ms)
				TypeCache.ScanAssembly (1ms)
			BuildScriptInfoCaches (202ms)
			ResolveRequiredComponents (11ms)
	FinalizeReload (593ms)
		ReleaseScriptCaches (0ms)
		RebuildScriptCaches (0ms)
		SetupLoadedEditorAssemblies (449ms)
			LogAssemblyErrors (0ms)
			InitializePlatformSupportModulesInManaged (2ms)
			SetLoadedEditorAssemblies (4ms)
			BeforeProcessingInitializeOnLoad (154ms)
			ProcessInitializeOnLoadAttributes (245ms)
			ProcessInitializeOnLoadMethodAttributes (43ms)
			AfterProcessingInitializeOnLoad (1ms)
			EditorAssembliesLoaded (0ms)
		ExecutionOrderSort2 (0ms)
		AwakeInstancesAfterBackupRestoration (10ms)
WARNING: Shader Unsupported: 'Universal Render Pipeline/VR/SpatialMapping/Wireframe' - All subshaders removed
WARNING: Shader Did you use #pragma only_renderers and omit this platform?
WARNING: Shader If subshaders removal was intentional, you may have forgotten turning Fallback off?
WARNING: Shader Unsupported: 'Universal Render Pipeline/VR/SpatialMapping/Wireframe' - All subshaders removed
WARNING: Shader Did you use #pragma only_renderers and omit this platform?
WARNING: Shader If subshaders removal was intentional, you may have forgotten turning Fallback off?
Refreshing native plugins compatible for Editor in 0.36 ms, found 1 plugins.
Preloading 0 native plugins for Editor in 0.00 ms.
Unloading 17 Unused Serialized files (Serialized files now loaded: 0)
Unloading 6184 unused Assets / (4.8 MB). Loaded Objects now: 7263.
Memory consumption went from 178.3 MB to 173.6 MB.
Total: 9.790167 ms (FindLiveObjects: 0.686917 ms CreateObjectMapping: 0.354167 ms MarkObjects: 6.108292 ms  DeleteObjects: 2.640416 ms)

Prepare: number of updated asset objects reloaded= 0
========================================================================
Received Prepare
Begin MonoManager ReloadAssembly
Thread 0x16be37000 may have been prematurely finalized
- Loaded All Assemblies, in  0.718 seconds
Refreshing native plugins compatible for Editor in 0.32 ms, found 1 plugins.
Native extension for WindowsStandalone target not found
Native extension for OSXStandalone target not found
Native extension for WebGL target not found
[Package Manager] Failed to launch server process. Reason: Unity was launched with the -noUpm command-line argument
[Package Manager] Unable to send message (not connected to server process).
[Package Manager] Cannot connect to Unity Package Manager local server
ScheduleIndexationOnStartup MainProcess:False IndexOnStartup:True
Mono: successfully reloaded assembly
- Finished resetting the current domain, in  0.631 seconds
Domain Reload Profiling: 1352ms
	BeginReloadAssembly (222ms)
		ExecutionOrderSort (0ms)
		DisableScriptedObjects (6ms)
		BackupInstance (0ms)
		ReleaseScriptingObjects (0ms)
		CreateAndSetChildDomain (89ms)
	RebuildCommonClasses (32ms)
	RebuildNativeTypeToScriptingClass (13ms)
	initialDomainReloadingComplete (22ms)
	LoadAllAssembliesAndSetupDomain (432ms)
		LoadAssemblies (317ms)
		RebuildTransferFunctionScriptingTraits (0ms)
		AnalyzeDomain (178ms)
			TypeCache.Refresh (22ms)
				TypeCache.ScanAssembly (0ms)
			BuildScriptInfoCaches (145ms)
			ResolveRequiredComponents (8ms)
	FinalizeReload (631ms)
		ReleaseScriptCaches (0ms)
		RebuildScriptCaches (0ms)
		SetupLoadedEditorAssemblies (491ms)
			LogAssemblyErrors (0ms)
			InitializePlatformSupportModulesInManaged (2ms)
			SetLoadedEditorAssemblies (4ms)
			BeforeProcessingInitializeOnLoad (130ms)
			ProcessInitializeOnLoadAttributes (268ms)
			ProcessInitializeOnLoadMethodAttributes (85ms)
			AfterProcessingInitializeOnLoad (1ms)
			EditorAssembliesLoaded (1ms)
		ExecutionOrderSort2 (0ms)
		AwakeInstancesAfterBackupRestoration (21ms)
WARNING: Shader Unsupported: 'Universal Render Pipeline/VR/SpatialMapping/Wireframe' - All subshaders removed
WARNING: Shader Did you use #pragma only_renderers and omit this platform?
WARNING: Shader If subshaders removal was intentional, you may have forgotten turning Fallback off?
WARNING: Shader Unsupported: 'Universal Render Pipeline/VR/SpatialMapping/Wireframe' - All subshaders removed
WARNING: Shader Did you use #pragma only_renderers and omit this platform?
WARNING: Shader If subshaders removal was intentional, you may have forgotten turning Fallback off?
Refreshing native plugins compatible for Editor in 0.37 ms, found 1 plugins.
Preloading 0 native plugins for Editor in 0.00 ms.
Unloading 17 Unused Serialized files (Serialized files now loaded: 0)
Unloading 6183 unused Assets / (4.5 MB). Loaded Objects now: 7266.
Memory consumption went from 177.5 MB to 173.0 MB.
Total: 15.999209 ms (FindLiveObjects: 0.498958 ms CreateObjectMapping: 0.555542 ms MarkObjects: 11.923458 ms  DeleteObjects: 3.020625 ms)

Prepare: number of updated asset objects reloaded= 0
